result_state,workspace_name,workspace_id,trigger_type,pipeline_id,pipeline_name,period_start_time,period_end_time,duration_seconds,environment,pipeline_name_clean,start_hour,start_weekday,start_day,start_month
COMPLETED,workspace1,4233458148361157,USER_ACTION,eeb73bd3-8194-46be-8ac7-f3f2cd576db1,[dev ven_vghattamaneni] onprem_to_cloud_raw_evh_loader_pipeline,2026-03-31 21:00:43.877000+00:00,2026-03-31 21:01:30.287000+00:00,46.41,dev,onprem_to_cloud_raw_evh_loader_pipeline,21.0,1.0,31.0,3.0
COMPLETED,workspace1,4233458148361157,USER_ACTION,eeb73bd3-8194-46be-8ac7-f3f2cd576db1,[dev ven_vghattamaneni] onprem_to_cloud_raw_evh_loader_pipeline,2026-03-31 21:06:55.128000+00:00,2026-03-31 21:07:44.673000+00:00,49.545,dev,onprem_to_cloud_raw_evh_loader_pipeline,21.0,1.0,31.0,3.0
COMPLETED,workspace1,4233458148361157,USER_ACTION,eeb73bd3-8194-46be-8ac7-f3f2cd576db1,[dev ven_vghattamaneni] onprem_to_cloud_raw_evh_loader_pipeline,2026-03-31 20:31:31.255000+00:00,2026-03-31 20:32:21.612000+00:00,50.357,dev,onprem_to_cloud_raw_evh_loader_pipeline,20.0,1.0,31.0,3.0
FAILED,workspace2,990891399948087,SERVICE_UPGRADE,dec33c53-ba41-44b8-8886-dcef75bd4818,dlt_sync_vp_edial_tfne_tables_bronze_to_silver,2026-03-02 19:39:45.478000+00:00,2026-03-02 19:44:50.160000+00:00,304.682,prod,dlt_sync_vp_edial_tfne_tables_bronze_to_silver,19.0,0.0,2.0,3.0
CANCELED,workspace2,990891399948087,SERVICE_UPGRADE,dec33c53-ba41-44b8-8886-dcef75bd4818,dlt_sync_vp_edial_tfne_tables_bronze_to_silver,2026-03-05 18:39:09.075000+00:00,2026-03-13 00:12:56.268000+00:00,624827.193,prod,dlt_sync_vp_edial_tfne_tables_bronze_to_silver,18.0,3.0,5.0,3.0
CANCELED,workspace2,990891399948087,SERVICE_UPGRADE,b5087a67-c415-4240-b82d-865400a1b1a8,dlt_sync_vp_edial_tffl_tables_bronze_to_silver,2026-03-02 19:34:41.872000+00:00,2026-03-05 18:38:29.667000+00:00,255827.795,prod,dlt_sync_vp_edial_tffl_tables_bronze_to_silver,19.0,0.0,2.0,3.0
CANCELED,workspace2,990891399948087,SERVICE_UPGRADE,b5087a67-c415-4240-b82d-865400a1b1a8,dlt_sync_vp_edial_tffl_tables_bronze_to_silver,2026-03-05 18:31:45.547000+00:00,2026-03-13 00:10:38.267000+00:00,625132.72,prod,dlt_sync_vp_edial_tffl_tables_bronze_to_silver,18.0,3.0,5.0,3.0
COMPLETED,workspace1,4233458148361157,USER_ACTION,ce789b62-d8ad-4b3e-b9d8-c01d29ef802a,[dev pvenkatachalam] onprem_to_cloud_raw_evh_loader_pipeline,2026-03-11 20:37:55.931000+00:00,2026-03-11 20:38:32.142000+00:00,36.211,dev,onprem_to_cloud_raw_evh_loader_pipeline,20.0,2.0,11.0,3.0
COMPLETED,workspace1,4233458148361157,USER_ACTION,ce789b62-d8ad-4b3e-b9d8-c01d29ef802a,[dev pvenkatachalam] onprem_to_cloud_raw_evh_loader_pipeline,2026-03-11 20:44:56.919000+00:00,2026-03-11 20:45:29.083000+00:00,32.164,dev,onprem_to_cloud_raw_evh_loader_pipeline,20.0,2.0,11.0,3.0
COMPLETED,workspace1,4233458148361157,USER_ACTION,ce789b62-d8ad-4b3e-b9d8-c01d29ef802a,[dev pvenkatachalam] onprem_to_cloud_raw_evh_loader_pipeline,2026-03-11 20:48:59.650000+00:00,2026-03-11 20:49:58.705000+00:00,59.055,dev,onprem_to_cloud_raw_evh_loader_pipeline,20.0,2.0,11.0,3.0
CANCELED,workspace1,4233458148361157,API_CALL,ce789b62-d8ad-4b3e-b9d8-c01d29ef802a,[dev pvenkatachalam] onprem_to_cloud_raw_evh_loader_pipeline,2026-03-11 20:56:34.579000+00:00,2026-03-11 20:59:01.821000+00:00,147.242,dev,onprem_to_cloud_raw_evh_loader_pipeline,20.0,2.0,11.0,3.0
CANCELED,workspace1,4233458148361157,USER_ACTION,ce789b62-d8ad-4b3e-b9d8-c01d29ef802a,[dev pvenkatachalam] onprem_to_cloud_raw_evh_loader_pipeline,2026-03-11 21:00:07.966000+00:00,2026-03-11 21:05:15.824000+00:00,307.858,dev,onprem_to_cloud_raw_evh_loader_pipeline,21.0,2.0,11.0,3.0
CANCELED,workspace2,990891399948087,SERVICE_UPGRADE,6f855096-22af-41fa-95a1-c642b27cfcf7,dlt_sync_ax_tf_projects_tables_bronze_to_silver,2026-03-05 18:34:17.012000+00:00,2026-03-13 00:11:04.188000+00:00,625007.176,prod,dlt_sync_ax_tf_projects_tables_bronze_to_silver,18.0,3.0,5.0,3.0
COMPLETED,workspace1,4233458148361157,USER_ACTION,62a8b71e-8a01-4db9-bd4b-e4498ed62121,[dev ven_vghattamaneni] onprem_to_cloud_raw_evh_loader_pipeline,2026-03-25 20:38:41.743000+00:00,2026-03-25 20:39:38.617000+00:00,56.874,dev,onprem_to_cloud_raw_evh_loader_pipeline,20.0,2.0,25.0,3.0
COMPLETED,workspace1,4233458148361157,USER_ACTION,62a8b71e-8a01-4db9-bd4b-e4498ed62121,[dev ven_vghattamaneni] onprem_to_cloud_raw_evh_loader_pipeline,2026-03-26 18:40:06.358000+00:00,2026-03-26 18:40:29.067000+00:00,22.709,dev,onprem_to_cloud_raw_evh_loader_pipeline,18.0,3.0,26.0,3.0
COMPLETED,workspace1,4233458148361157,USER_ACTION,62a8b71e-8a01-4db9-bd4b-e4498ed62121,[dev ven_vghattamaneni] onprem_to_cloud_raw_evh_loader_pipeline,2026-03-26 18:39:12.101000+00:00,2026-03-26 18:39:56.854000+00:00,44.753,dev,onprem_to_cloud_raw_evh_loader_pipeline,18.0,3.0,26.0,3.0
COMPLETED,workspace1,4233458148361157,USER_ACTION,62a8b71e-8a01-4db9-bd4b-e4498ed62121,[dev ven_vghattamaneni] onprem_to_cloud_raw_evh_loader_pipeline,2026-03-26 18:47:42.074000+00:00,2026-03-26 18:48:36.006000+00:00,53.932,dev,onprem_to_cloud_raw_evh_loader_pipeline,18.0,3.0,26.0,3.0
COMPLETED,workspace1,4233458148361157,USER_ACTION,62a8b71e-8a01-4db9-bd4b-e4498ed62121,[dev ven_vghattamaneni] onprem_to_cloud_raw_evh_loader_pipeline,2026-03-26 20:08:23.762000+00:00,2026-03-26 20:09:14.100000+00:00,50.338,dev,onprem_to_cloud_raw_evh_loader_pipeline,20.0,3.0,26.0,3.0
COMPLETED,workspace1,4233458148361157,USER_ACTION,62a8b71e-8a01-4db9-bd4b-e4498ed62121,[dev ven_vghattamaneni] onprem_to_cloud_raw_evh_loader_pipeline,2026-03-26 21:17:14.623000+00:00,2026-03-26 21:18:08.387000+00:00,53.764,dev,onprem_to_cloud_raw_evh_loader_pipeline,21.0,3.0,26.0,3.0
COMPLETED,workspace1,4233458148361157,USER_ACTION,62a8b71e-8a01-4db9-bd4b-e4498ed62121,[dev ven_vghattamaneni] onprem_to_cloud_raw_evh_loader_pipeline,2026-03-26 21:40:42.207000+00:00,2026-03-26 21:41:32.655000+00:00,50.448,dev,onprem_to_cloud_raw_evh_loader_pipeline,21.0,3.0,26.0,3.0
COMPLETED,workspace1,4233458148361157,USER_ACTION,62a8b71e-8a01-4db9-bd4b-e4498ed62121,[dev ven_vghattamaneni] onprem_to_cloud_raw_evh_loader_pipeline,2026-03-26 22:11:02.995000+00:00,2026-03-26 22:11:54.411000+00:00,51.416,dev,onprem_to_cloud_raw_evh_loader_pipeline,22.0,3.0,26.0,3.0
COMPLETED,workspace1,4233458148361157,USER_ACTION,62a8b71e-8a01-4db9-bd4b-e4498ed62121,[dev ven_vghattamaneni] onprem_to_cloud_raw_evh_loader_pipeline,2026-03-27 00:08:35.514000+00:00,2026-03-27 00:09:26.579000+00:00,51.065,dev,onprem_to_cloud_raw_evh_loader_pipeline,0.0,4.0,27.0,3.0
COMPLETED,workspace1,4233458148361157,USER_ACTION,62a8b71e-8a01-4db9-bd4b-e4498ed62121,[dev ven_vghattamaneni] onprem_to_cloud_raw_evh_loader_pipeline,2026-03-27 13:38:45.081000+00:00,2026-03-27 13:39:39.037000+00:00,53.956,dev,onprem_to_cloud_raw_evh_loader_pipeline,13.0,4.0,27.0,3.0
COMPLETED,workspace1,4233458148361157,USER_ACTION,62a8b71e-8a01-4db9-bd4b-e4498ed62121,[dev ven_vghattamaneni] onprem_to_cloud_raw_evh_loader_pipeline,2026-03-27 13:58:48.828000+00:00,2026-03-27 13:59:36.016000+00:00,47.188,dev,onprem_to_cloud_raw_evh_loader_pipeline,13.0,4.0,27.0,3.0
COMPLETED,workspace1,4233458148361157,USER_ACTION,62a8b71e-8a01-4db9-bd4b-e4498ed62121,[dev ven_vghattamaneni] onprem_to_cloud_raw_evh_loader_pipeline,2026-03-27 14:07:59.431000+00:00,2026-03-27 14:08:53.854000+00:00,54.423,dev,onprem_to_cloud_raw_evh_loader_pipeline,14.0,4.0,27.0,3.0
COMPLETED,workspace1,4233458148361157,USER_ACTION,62a8b71e-8a01-4db9-bd4b-e4498ed62121,[dev ven_vghattamaneni] onprem_to_cloud_raw_evh_loader_pipeline,2026-03-27 14:29:35.060000+00:00,2026-03-27 14:30:24.631000+00:00,49.571,dev,onprem_to_cloud_raw_evh_loader_pipeline,14.0,4.0,27.0,3.0
COMPLETED,workspace1,4233458148361157,USER_ACTION,62a8b71e-8a01-4db9-bd4b-e4498ed62121,[dev ven_vghattamaneni] onprem_to_cloud_raw_evh_loader_pipeline,2026-03-27 14:48:51.020000+00:00,2026-03-27 14:49:41.674000+00:00,50.654,dev,onprem_to_cloud_raw_evh_loader_pipeline,14.0,4.0,27.0,3.0
COMPLETED,workspace1,4233458148361157,USER_ACTION,62a8b71e-8a01-4db9-bd4b-e4498ed62121,[dev ven_vghattamaneni] onprem_to_cloud_raw_evh_loader_pipeline,2026-03-27 15:10:46.275000+00:00,2026-03-27 15:11:37.873000+00:00,51.598,dev,onprem_to_cloud_raw_evh_loader_pipeline,15.0,4.0,27.0,3.0
COMPLETED,workspace1,4233458148361157,USER_ACTION,62a8b71e-8a01-4db9-bd4b-e4498ed62121,[dev ven_vghattamaneni] onprem_to_cloud_raw_evh_loader_pipeline,2026-03-27 15:11:48.274000+00:00,2026-03-27 15:12:11.035000+00:00,22.761,dev,onprem_to_cloud_raw_evh_loader_pipeline,15.0,4.0,27.0,3.0
COMPLETED,workspace1,4233458148361157,USER_ACTION,62a8b71e-8a01-4db9-bd4b-e4498ed62121,[dev ven_vghattamaneni] onprem_to_cloud_raw_evh_loader_pipeline,2026-03-27 15:23:08.683000+00:00,2026-03-27 15:23:56.680000+00:00,47.997,dev,onprem_to_cloud_raw_evh_loader_pipeline,15.0,4.0,27.0,3.0
COMPLETED,workspace1,4233458148361157,USER_ACTION,62a8b71e-8a01-4db9-bd4b-e4498ed62121,[dev ven_vghattamaneni] onprem_to_cloud_raw_evh_loader_pipeline,2026-03-27 15:29:29.955000+00:00,2026-03-27 15:30:20.850000+00:00,50.895,dev,onprem_to_cloud_raw_evh_loader_pipeline,15.0,4.0,27.0,3.0
COMPLETED,workspace1,4233458148361157,USER_ACTION,62a8b71e-8a01-4db9-bd4b-e4498ed62121,[dev ven_vghattamaneni] onprem_to_cloud_raw_evh_loader_pipeline,2026-03-27 15:38:06.833000+00:00,2026-03-27 15:38:53.781000+00:00,46.948,dev,onprem_to_cloud_raw_evh_loader_pipeline,15.0,4.0,27.0,3.0
COMPLETED,workspace1,4233458148361157,USER_ACTION,62a8b71e-8a01-4db9-bd4b-e4498ed62121,[dev ven_vghattamaneni] onprem_to_cloud_raw_evh_loader_pipeline,2026-03-27 15:54:12.677000+00:00,2026-03-27 15:55:00.309000+00:00,47.632,dev,onprem_to_cloud_raw_evh_loader_pipeline,15.0,4.0,27.0,3.0
COMPLETED,workspace1,4233458148361157,USER_ACTION,62a8b71e-8a01-4db9-bd4b-e4498ed62121,[dev ven_vghattamaneni] onprem_to_cloud_raw_evh_loader_pipeline,2026-03-27 16:00:13.390000+00:00,2026-03-27 16:01:06.981000+00:00,53.591,dev,onprem_to_cloud_raw_evh_loader_pipeline,16.0,4.0,27.0,3.0
COMPLETED,workspace1,4233458148361157,USER_ACTION,62a8b71e-8a01-4db9-bd4b-e4498ed62121,[dev ven_vghattamaneni] onprem_to_cloud_raw_evh_loader_pipeline,2026-03-27 16:44:37.030000+00:00,2026-03-27 16:45:27.117000+00:00,50.087,dev,onprem_to_cloud_raw_evh_loader_pipeline,16.0,4.0,27.0,3.0
CANCELED,workspace2,990891399948087,SERVICE_UPGRADE,dd63ac89-ab71-494b-9091-8050e07bbcdd,dlt_sync_vp_tftn_tables_bronze_to_silver,2026-03-05 18:46:02.364000+00:00,2026-03-12 23:50:34.731000+00:00,623072.367,prod,dlt_sync_vp_tftn_tables_bronze_to_silver,18.0,3.0,5.0,3.0
CANCELED,workspace2,990891399948087,SERVICE_UPGRADE,d31833b7-8c23-44ca-a244-fb4f83ebc9d1,dlt_sync_vp_edial_tfsw_tables_bronze_to_silver,2026-03-02 19:33:43.780000+00:00,2026-03-05 18:40:01.807000+00:00,255978.027,prod,dlt_sync_vp_edial_tfsw_tables_bronze_to_silver,19.0,0.0,2.0,3.0
CANCELED,workspace2,990891399948087,SERVICE_UPGRADE,d31833b7-8c23-44ca-a244-fb4f83ebc9d1,dlt_sync_vp_edial_tfsw_tables_bronze_to_silver,2026-03-05 18:33:06.286000+00:00,2026-03-13 00:07:09.929000+00:00,624843.643,prod,dlt_sync_vp_edial_tfsw_tables_bronze_to_silver,18.0,3.0,5.0,3.0
CANCELED,workspace2,990891399948087,SERVICE_UPGRADE,7b0c9e91-4fc3-4836-bc7d-7ce57aaf7b4a,dlt_sync_vp_edial_tfri_tables_bronze_to_silver,2026-03-05 18:45:00.721000+00:00,2026-03-12 23:49:41.932000+00:00,623081.211,prod,dlt_sync_vp_edial_tfri_tables_bronze_to_silver,18.0,3.0,5.0,3.0
FAILED,workspace1,4233458148361157,JOB_TASK,128dbb9d-9f01-42ba-8820-0abc0b69ed70,[dev pvenkatachalam] raw_to_silver_multiplexer_pipeline_dev,2026-03-10 16:59:49.249000+00:00,2026-03-10 17:00:14.086000+00:00,24.837,dev,raw_to_silver_multiplexer_pipeline_dev,16.0,1.0,10.0,3.0
CANCELED,workspace1,4233458148361157,JOB_TASK,128dbb9d-9f01-42ba-8820-0abc0b69ed70,[dev pvenkatachalam] raw_to_silver_multiplexer_pipeline_dev,2026-03-10 17:07:22.806000+00:00,2026-03-10 17:16:15.458000+00:00,532.652,dev,raw_to_silver_multiplexer_pipeline_dev,17.0,1.0,10.0,3.0
CANCELED,workspace1,4233458148361157,USER_ACTION,128dbb9d-9f01-42ba-8820-0abc0b69ed70,[dev pvenkatachalam] raw_to_silver_multiplexer_pipeline_dev,2026-03-10 17:16:20.971000+00:00,2026-03-10 17:38:04.424000+00:00,1303.453,dev,raw_to_silver_multiplexer_pipeline_dev,17.0,1.0,10.0,3.0
FAILED,workspace1,4233458148361157,JOB_TASK,128dbb9d-9f01-42ba-8820-0abc0b69ed70,[dev pvenkatachalam] raw_to_silver_multiplexer_pipeline_dev,2026-03-10 20:20:31.790000+00:00,2026-03-10 20:21:00.942000+00:00,29.152,dev,raw_to_silver_multiplexer_pipeline_dev,20.0,1.0,10.0,3.0
FAILED,workspace1,4233458148361157,USER_ACTION,128dbb9d-9f01-42ba-8820-0abc0b69ed70,[dev pvenkatachalam] raw_to_silver_multiplexer_pipeline_dev,2026-03-10 20:22:03.247000+00:00,2026-03-10 20:22:10.726000+00:00,7.479,dev,raw_to_silver_multiplexer_pipeline_dev,20.0,1.0,10.0,3.0
CANCELED,workspace1,4233458148361157,USER_ACTION,128dbb9d-9f01-42ba-8820-0abc0b69ed70,[dev pvenkatachalam] raw_to_silver_multiplexer_pipeline_dev,2026-03-10 20:29:51.496000+00:00,2026-03-10 20:43:14.276000+00:00,802.78,dev,raw_to_silver_multiplexer_pipeline_dev,20.0,1.0,10.0,3.0
COMPLETED,workspace1,4233458148361157,USER_ACTION,128dbb9d-9f01-42ba-8820-0abc0b69ed70,[dev pvenkatachalam] raw_to_silver_multiplexer_pipeline_dev,2026-03-11 15:57:58.956000+00:00,2026-03-11 15:58:56.146000+00:00,57.19,dev,raw_to_silver_multiplexer_pipeline_dev,15.0,2.0,11.0,3.0
COMPLETED,workspace1,4233458148361157,USER_ACTION,128dbb9d-9f01-42ba-8820-0abc0b69ed70,[dev pvenkatachalam] raw_to_silver_multiplexer_pipeline_dev,2026-03-11 16:02:20.200000+00:00,2026-03-11 16:02:40.555000+00:00,20.355,dev,raw_to_silver_multiplexer_pipeline_dev,16.0,2.0,11.0,3.0
FAILED,workspace1,4233458148361157,USER_ACTION,128dbb9d-9f01-42ba-8820-0abc0b69ed70,[dev pvenkatachalam] raw_to_silver_multiplexer_pipeline_dev,2026-03-11 17:02:08.119000+00:00,2026-03-11 17:02:15.958000+00:00,7.839,dev,raw_to_silver_multiplexer_pipeline_dev,17.0,2.0,11.0,3.0
FAILED,workspace1,4233458148361157,JOB_TASK,128dbb9d-9f01-42ba-8820-0abc0b69ed70,[dev pvenkatachalam] raw_to_silver_multiplexer_pipeline_dev,2026-03-11 16:59:38.842000+00:00,2026-03-11 17:00:08.442000+00:00,29.6,dev,raw_to_silver_multiplexer_pipeline_dev,16.0,2.0,11.0,3.0
FAILED,workspace1,4233458148361157,JOB_TASK,128dbb9d-9f01-42ba-8820-0abc0b69ed70,[dev pvenkatachalam] raw_to_silver_multiplexer_pipeline_dev,2026-03-11 17:03:46.713000+00:00,2026-03-11 17:03:54.236000+00:00,7.523,dev,raw_to_silver_multiplexer_pipeline_dev,17.0,2.0,11.0,3.0
FAILED,workspace1,4233458148361157,USER_ACTION,128dbb9d-9f01-42ba-8820-0abc0b69ed70,[dev pvenkatachalam] raw_to_silver_multiplexer_pipeline_dev,2026-03-11 17:12:58.322000+00:00,2026-03-11 17:13:14.777000+00:00,16.455,dev,raw_to_silver_multiplexer_pipeline_dev,17.0,2.0,11.0,3.0
COMPLETED,workspace1,4233458148361157,USER_ACTION,128dbb9d-9f01-42ba-8820-0abc0b69ed70,[dev pvenkatachalam] raw_to_silver_multiplexer_pipeline_dev,2026-03-11 17:25:39.634000+00:00,2026-03-11 17:26:17.582000+00:00,37.948,dev,raw_to_silver_multiplexer_pipeline_dev,17.0,2.0,11.0,3.0
COMPLETED,workspace1,4233458148361157,JOB_TASK,128dbb9d-9f01-42ba-8820-0abc0b69ed70,[dev pvenkatachalam] raw_to_silver_multiplexer_pipeline_dev,2026-03-11 17:23:41.490000+00:00,2026-03-11 17:24:52.618000+00:00,71.128,dev,raw_to_silver_multiplexer_pipeline_dev,17.0,2.0,11.0,3.0
FAILED,workspace1,4233458148361157,USER_ACTION,128dbb9d-9f01-42ba-8820-0abc0b69ed70,[dev pvenkatachalam] raw_to_silver_multiplexer_pipeline_dev,2026-03-11 18:24:29.131000+00:00,2026-03-11 18:24:46.156000+00:00,17.025,dev,raw_to_silver_multiplexer_pipeline_dev,18.0,2.0,11.0,3.0
COMPLETED,workspace1,4233458148361157,USER_ACTION,128dbb9d-9f01-42ba-8820-0abc0b69ed70,[dev pvenkatachalam] raw_to_silver_multiplexer_pipeline_dev,2026-03-11 18:27:59.884000+00:00,2026-03-11 18:28:53.639000+00:00,53.755,dev,raw_to_silver_multiplexer_pipeline_dev,18.0,2.0,11.0,3.0
COMPLETED,workspace1,4233458148361157,USER_ACTION,128dbb9d-9f01-42ba-8820-0abc0b69ed70,[dev pvenkatachalam] raw_to_silver_multiplexer_pipeline_dev,2026-03-11 19:03:09.140000+00:00,2026-03-11 19:04:23.762000+00:00,74.622,dev,raw_to_silver_multiplexer_pipeline_dev,19.0,2.0,11.0,3.0
COMPLETED,workspace1,4233458148361157,USER_ACTION,128dbb9d-9f01-42ba-8820-0abc0b69ed70,[dev pvenkatachalam] raw_to_silver_multiplexer_pipeline_dev,2026-03-11 19:40:30.881000+00:00,2026-03-11 19:41:27.557000+00:00,56.676,dev,raw_to_silver_multiplexer_pipeline_dev,19.0,2.0,11.0,3.0
FAILED,workspace1,4233458148361157,USER_ACTION,128dbb9d-9f01-42ba-8820-0abc0b69ed70,[dev pvenkatachalam] raw_to_silver_multiplexer_pipeline_dev,2026-03-11 19:39:18.902000+00:00,2026-03-11 19:39:35.272000+00:00,16.37,dev,raw_to_silver_multiplexer_pipeline_dev,19.0,2.0,11.0,3.0
CANCELED,workspace2,990891399948087,SERVICE_UPGRADE,f73bd0c4-fc87-4aba-a0a8-4466bdf79764,dlt_sync_vp_edial_tfca_tables_bronze_to_silver,2026-03-02 19:45:51.794000+00:00,2026-03-05 18:49:24.639000+00:00,255812.845,prod,dlt_sync_vp_edial_tfca_tables_bronze_to_silver,19.0,0.0,2.0,3.0
CANCELED,workspace2,990891399948087,SERVICE_UPGRADE,f73bd0c4-fc87-4aba-a0a8-4466bdf79764,dlt_sync_vp_edial_tfca_tables_bronze_to_silver,2026-03-05 18:43:31.206000+00:00,2026-03-12 23:50:50.831000+00:00,623239.625,prod,dlt_sync_vp_edial_tfca_tables_bronze_to_silver,18.0,3.0,5.0,3.0
CANCELED,workspace1,4233458148361157,API_CALL,bddb0d0d-c4f4-46fc-95eb-ad6d44caf62b,[dev pvenkatachalam] onprem_to_cloud_raw_evh_loader_pipeline,2026-03-11 21:13:26.044000+00:00,2026-03-11 21:14:56.110000+00:00,90.066,dev,onprem_to_cloud_raw_evh_loader_pipeline,21.0,2.0,11.0,3.0
COMPLETED,workspace1,4233458148361157,USER_ACTION,bddb0d0d-c4f4-46fc-95eb-ad6d44caf62b,[dev pvenkatachalam] onprem_to_cloud_raw_evh_loader_pipeline,2026-03-11 21:20:50.556000+00:00,2026-03-11 21:21:34.525000+00:00,43.969,dev,onprem_to_cloud_raw_evh_loader_pipeline,21.0,2.0,11.0,3.0
FAILED,workspace1,4233458148361157,USER_ACTION,0c955b7b-0f68-4818-b377-1cca383c56a3,[dev ven_vghattamaneni] onprem_to_cloud_raw_to_silver_multiplexer_pipeline,2026-03-25 20:38:40.051000+00:00,2026-03-25 20:39:20.820000+00:00,40.769,dev,onprem_to_cloud_raw_to_silver_multiplexer_pipeline,20.0,2.0,25.0,3.0
COMPLETED,workspace1,4233458148361157,USER_ACTION,0c955b7b-0f68-4818-b377-1cca383c56a3,[dev ven_vghattamaneni] onprem_to_cloud_raw_to_silver_multiplexer_pipeline,2026-03-26 18:49:48.228000+00:00,2026-03-26 18:50:55.317000+00:00,67.089,dev,onprem_to_cloud_raw_to_silver_multiplexer_pipeline,18.0,3.0,26.0,3.0
COMPLETED,workspace1,4233458148361157,USER_ACTION,0c955b7b-0f68-4818-b377-1cca383c56a3,[dev ven_vghattamaneni] onprem_to_cloud_raw_to_silver_multiplexer_pipeline,2026-03-26 19:15:37.299000+00:00,2026-03-26 19:16:49.830000+00:00,72.531,dev,onprem_to_cloud_raw_to_silver_multiplexer_pipeline,19.0,3.0,26.0,3.0
COMPLETED,workspace1,4233458148361157,USER_ACTION,0c955b7b-0f68-4818-b377-1cca383c56a3,[dev ven_vghattamaneni] onprem_to_cloud_raw_to_silver_multiplexer_pipeline,2026-03-26 20:15:15.540000+00:00,2026-03-26 20:16:20.254000+00:00,64.714,dev,onprem_to_cloud_raw_to_silver_multiplexer_pipeline,20.0,3.0,26.0,3.0
COMPLETED,workspace1,4233458148361157,USER_ACTION,0c955b7b-0f68-4818-b377-1cca383c56a3,[dev ven_vghattamaneni] onprem_to_cloud_raw_to_silver_multiplexer_pipeline,2026-03-26 20:36:57.028000+00:00,2026-03-26 20:37:44.268000+00:00,47.24,dev,onprem_to_cloud_raw_to_silver_multiplexer_pipeline,20.0,3.0,26.0,3.0
COMPLETED,workspace1,4233458148361157,USER_ACTION,0c955b7b-0f68-4818-b377-1cca383c56a3,[dev ven_vghattamaneni] onprem_to_cloud_raw_to_silver_multiplexer_pipeline,2026-03-26 20:40:54.620000+00:00,2026-03-26 20:41:20.521000+00:00,25.901,dev,onprem_to_cloud_raw_to_silver_multiplexer_pipeline,20.0,3.0,26.0,3.0
COMPLETED,workspace1,4233458148361157,USER_ACTION,0c955b7b-0f68-4818-b377-1cca383c56a3,[dev ven_vghattamaneni] onprem_to_cloud_raw_to_silver_multiplexer_pipeline,2026-03-26 21:19:39.915000+00:00,2026-03-26 21:20:46.462000+00:00,66.547,dev,onprem_to_cloud_raw_to_silver_multiplexer_pipeline,21.0,3.0,26.0,3.0
COMPLETED,workspace1,4233458148361157,USER_ACTION,0c955b7b-0f68-4818-b377-1cca383c56a3,[dev ven_vghattamaneni] onprem_to_cloud_raw_to_silver_multiplexer_pipeline,2026-03-26 21:29:24.625000+00:00,2026-03-26 21:30:11.539000+00:00,46.914,dev,onprem_to_cloud_raw_to_silver_multiplexer_pipeline,21.0,3.0,26.0,3.0
COMPLETED,workspace1,4233458148361157,USER_ACTION,0c955b7b-0f68-4818-b377-1cca383c56a3,[dev ven_vghattamaneni] onprem_to_cloud_raw_to_silver_multiplexer_pipeline,2026-03-26 21:46:42.970000+00:00,2026-03-26 21:47:11.980000+00:00,29.01,dev,onprem_to_cloud_raw_to_silver_multiplexer_pipeline,21.0,3.0,26.0,3.0
COMPLETED,workspace1,4233458148361157,USER_ACTION,0c955b7b-0f68-4818-b377-1cca383c56a3,[dev ven_vghattamaneni] onprem_to_cloud_raw_to_silver_multiplexer_pipeline,2026-03-26 21:42:22.001000+00:00,2026-03-26 21:43:28.542000+00:00,66.541,dev,onprem_to_cloud_raw_to_silver_multiplexer_pipeline,21.0,3.0,26.0,3.0
FAILED,workspace1,4233458148361157,USER_ACTION,0c955b7b-0f68-4818-b377-1cca383c56a3,[dev ven_vghattamaneni] onprem_to_cloud_raw_to_silver_multiplexer_pipeline,2026-03-26 21:58:58.262000+00:00,2026-03-26 21:59:42.275000+00:00,44.013,dev,onprem_to_cloud_raw_to_silver_multiplexer_pipeline,21.0,3.0,26.0,3.0
COMPLETED,workspace1,4233458148361157,USER_ACTION,0c955b7b-0f68-4818-b377-1cca383c56a3,[dev ven_vghattamaneni] onprem_to_cloud_raw_to_silver_multiplexer_pipeline,2026-03-26 22:12:31.883000+00:00,2026-03-26 22:13:37.771000+00:00,65.888,dev,onprem_to_cloud_raw_to_silver_multiplexer_pipeline,22.0,3.0,26.0,3.0
COMPLETED,workspace1,4233458148361157,USER_ACTION,0c955b7b-0f68-4818-b377-1cca383c56a3,[dev ven_vghattamaneni] onprem_to_cloud_raw_to_silver_multiplexer_pipeline,2026-03-27 00:02:44.186000+00:00,2026-03-27 00:03:37.022000+00:00,52.836,dev,onprem_to_cloud_raw_to_silver_multiplexer_pipeline,0.0,4.0,27.0,3.0
COMPLETED,workspace1,4233458148361157,USER_ACTION,0c955b7b-0f68-4818-b377-1cca383c56a3,[dev ven_vghattamaneni] onprem_to_cloud_raw_to_silver_multiplexer_pipeline,2026-03-27 13:42:07.362000+00:00,2026-03-27 13:43:16.788000+00:00,69.426,dev,onprem_to_cloud_raw_to_silver_multiplexer_pipeline,13.0,4.0,27.0,3.0
FAILED,workspace1,4233458148361157,USER_ACTION,0c955b7b-0f68-4818-b377-1cca383c56a3,[dev ven_vghattamaneni] onprem_to_cloud_raw_to_silver_multiplexer_pipeline,2026-03-27 14:00:07.124000+00:00,2026-03-27 14:00:53.610000+00:00,46.486,dev,onprem_to_cloud_raw_to_silver_multiplexer_pipeline,14.0,4.0,27.0,3.0
COMPLETED,workspace1,4233458148361157,USER_ACTION,0c955b7b-0f68-4818-b377-1cca383c56a3,[dev ven_vghattamaneni] onprem_to_cloud_raw_to_silver_multiplexer_pipeline,2026-03-27 14:10:47.103000+00:00,2026-03-27 14:11:53.847000+00:00,66.744,dev,onprem_to_cloud_raw_to_silver_multiplexer_pipeline,14.0,4.0,27.0,3.0
COMPLETED,workspace1,4233458148361157,USER_ACTION,0c955b7b-0f68-4818-b377-1cca383c56a3,[dev ven_vghattamaneni] onprem_to_cloud_raw_to_silver_multiplexer_pipeline,2026-03-27 14:31:09.353000+00:00,2026-03-27 14:32:15.144000+00:00,65.791,dev,onprem_to_cloud_raw_to_silver_multiplexer_pipeline,14.0,4.0,27.0,3.0
FAILED,workspace1,4233458148361157,USER_ACTION,0c955b7b-0f68-4818-b377-1cca383c56a3,[dev ven_vghattamaneni] onprem_to_cloud_raw_to_silver_multiplexer_pipeline,2026-03-27 14:50:24.779000+00:00,2026-03-27 14:51:37.895000+00:00,73.116,dev,onprem_to_cloud_raw_to_silver_multiplexer_pipeline,14.0,4.0,27.0,3.0
FAILED,workspace1,4233458148361157,USER_ACTION,0c955b7b-0f68-4818-b377-1cca383c56a3,[dev ven_vghattamaneni] onprem_to_cloud_raw_to_silver_multiplexer_pipeline,2026-03-27 15:12:58.129000+00:00,2026-03-27 15:13:32.900000+00:00,34.771,dev,onprem_to_cloud_raw_to_silver_multiplexer_pipeline,15.0,4.0,27.0,3.0
FAILED,workspace1,4233458148361157,USER_ACTION,0c955b7b-0f68-4818-b377-1cca383c56a3,[dev ven_vghattamaneni] onprem_to_cloud_raw_to_silver_multiplexer_pipeline,2026-03-27 15:16:00.629000+00:00,2026-03-27 15:16:47.996000+00:00,47.367,dev,onprem_to_cloud_raw_to_silver_multiplexer_pipeline,15.0,4.0,27.0,3.0
FAILED,workspace1,4233458148361157,USER_ACTION,0c955b7b-0f68-4818-b377-1cca383c56a3,[dev ven_vghattamaneni] onprem_to_cloud_raw_to_silver_multiplexer_pipeline,2026-03-27 15:24:18.919000+00:00,2026-03-27 15:25:30.437000+00:00,71.518,dev,onprem_to_cloud_raw_to_silver_multiplexer_pipeline,15.0,4.0,27.0,3.0
COMPLETED,workspace1,4233458148361157,USER_ACTION,0c955b7b-0f68-4818-b377-1cca383c56a3,[dev ven_vghattamaneni] onprem_to_cloud_raw_to_silver_multiplexer_pipeline,2026-03-27 15:30:56.835000+00:00,2026-03-27 15:31:34.873000+00:00,38.038,dev,onprem_to_cloud_raw_to_silver_multiplexer_pipeline,15.0,4.0,27.0,3.0
COMPLETED,workspace1,4233458148361157,USER_ACTION,0c955b7b-0f68-4818-b377-1cca383c56a3,[dev ven_vghattamaneni] onprem_to_cloud_raw_to_silver_multiplexer_pipeline,2026-03-27 15:27:34.667000+00:00,2026-03-27 15:28:09.585000+00:00,34.918,dev,onprem_to_cloud_raw_to_silver_multiplexer_pipeline,15.0,4.0,27.0,3.0
COMPLETED,workspace1,4233458148361157,USER_ACTION,0c955b7b-0f68-4818-b377-1cca383c56a3,[dev ven_vghattamaneni] onprem_to_cloud_raw_to_silver_multiplexer_pipeline,2026-03-27 15:39:15.510000+00:00,2026-03-27 15:40:20.218000+00:00,64.708,dev,onprem_to_cloud_raw_to_silver_multiplexer_pipeline,15.0,4.0,27.0,3.0
COMPLETED,workspace1,4233458148361157,USER_ACTION,0c955b7b-0f68-4818-b377-1cca383c56a3,[dev ven_vghattamaneni] onprem_to_cloud_raw_to_silver_multiplexer_pipeline,2026-03-27 15:55:20.212000+00:00,2026-03-27 15:56:25.538000+00:00,65.326,dev,onprem_to_cloud_raw_to_silver_multiplexer_pipeline,15.0,4.0,27.0,3.0
COMPLETED,workspace1,4233458148361157,USER_ACTION,0c955b7b-0f68-4818-b377-1cca383c56a3,[dev ven_vghattamaneni] onprem_to_cloud_raw_to_silver_multiplexer_pipeline,2026-03-27 16:01:48.453000+00:00,2026-03-27 16:03:00.007000+00:00,71.554,dev,onprem_to_cloud_raw_to_silver_multiplexer_pipeline,16.0,4.0,27.0,3.0
COMPLETED,workspace1,4233458148361157,USER_ACTION,0c955b7b-0f68-4818-b377-1cca383c56a3,[dev ven_vghattamaneni] onprem_to_cloud_raw_to_silver_multiplexer_pipeline,2026-03-27 16:45:33.711000+00:00,2026-03-27 16:46:45.686000+00:00,71.975,dev,onprem_to_cloud_raw_to_silver_multiplexer_pipeline,16.0,4.0,27.0,3.0
CANCELED,workspace2,990891399948087,SERVICE_UPGRADE,bae99435-a617-4140-8dff-1b46a6d61960,dlt_sync_vp_edial_tfco_tables_bronze_to_silver,2026-03-02 19:39:25.035000+00:00,2026-03-05 18:42:35.443000+00:00,255790.408,prod,dlt_sync_vp_edial_tfco_tables_bronze_to_silver,19.0,0.0,2.0,3.0
COMPLETED,workspace1,4233458148361157,USER_ACTION,e736271b-beca-4e8a-a823-10afdc7cf7c3,[dev pvenkatachalam] onprem_to_cloud_raw_to_silver_multiplexer_pipeline,2026-03-11 20:50:30.160000+00:00,2026-03-11 20:51:22.079000+00:00,51.919,dev,onprem_to_cloud_raw_to_silver_multiplexer_pipeline,20.0,2.0,11.0,3.0
COMPLETED,workspace1,4233458148361157,USER_ACTION,e736271b-beca-4e8a-a823-10afdc7cf7c3,[dev pvenkatachalam] onprem_to_cloud_raw_to_silver_multiplexer_pipeline,2026-03-11 20:56:11.677000+00:00,2026-03-11 20:56:43.579000+00:00,31.902,dev,onprem_to_cloud_raw_to_silver_multiplexer_pipeline,20.0,2.0,11.0,3.0
FAILED,workspace1,4233458148361157,USER_ACTION,e736271b-beca-4e8a-a823-10afdc7cf7c3,[dev pvenkatachalam] onprem_to_cloud_raw_to_silver_multiplexer_pipeline,2026-03-11 20:54:48.827000+00:00,2026-03-11 20:55:11.688000+00:00,22.861,dev,onprem_to_cloud_raw_to_silver_multiplexer_pipeline,20.0,2.0,11.0,3.0
CANCELED,workspace2,990891399948087,API_CALL,21fe8022-d3f8-4007-b6af-d82c549d48ca,dlt_sync_d365_intakelayer_to_bronze_prod_drtl_tfca_tfmx,2026-03-04 00:59:51.609000+00:00,2026-03-04 01:00:58.145000+00:00,66.536,prod,dlt_sync_d365_intakelayer_to_bronze_prod_drtl_tfca_tfmx,0.0,2.0,4.0,3.0
CANCELED,workspace2,990891399948087,USER_ACTION,21fe8022-d3f8-4007-b6af-d82c549d48ca,dlt_sync_d365_intakelayer_to_bronze_prod_drtl_tfca_tfmx,2026-03-04 00:58:51.029000+00:00,2026-03-04 00:59:18.160000+00:00,27.131,prod,dlt_sync_d365_intakelayer_to_bronze_prod_drtl_tfca_tfmx,0.0,2.0,4.0,3.0
CANCELED,workspace2,990891399948087,USER_ACTION,21fe8022-d3f8-4007-b6af-d82c549d48ca,dlt_sync_d365_intakelayer_to_bronze_prod_drtl_tfca_tfmx,2026-03-04 01:01:12.769000+00:00,2026-03-04 01:50:49.299000+00:00,2976.53,prod,dlt_sync_d365_intakelayer_to_bronze_prod_drtl_tfca_tfmx,1.0,2.0,4.0,3.0
CANCELED,workspace2,990891399948087,SETTINGS_CHANGE,21fe8022-d3f8-4007-b6af-d82c549d48ca,dlt_sync_d365_intakelayer_to_bronze_prod_drtl_tfca_tfmx,2026-03-13 00:38:57.615000+00:00,2026-03-13 00:41:25.081000+00:00,147.466,prod,dlt_sync_d365_intakelayer_to_bronze_prod_drtl_tfca_tfmx,0.0,4.0,13.0,3.0
CANCELED,workspace2,990891399948087,USER_ACTION,21fe8022-d3f8-4007-b6af-d82c549d48ca,dlt_sync_d365_intakelayer_to_bronze_prod_drtl_tfca_tfmx,2026-03-13 00:58:04.881000+00:00,2026-03-13 00:58:22.110000+00:00,17.229,prod,dlt_sync_d365_intakelayer_to_bronze_prod_drtl_tfca_tfmx,0.0,4.0,13.0,3.0
CANCELED,workspace2,990891399948087,USER_ACTION,21fe8022-d3f8-4007-b6af-d82c549d48ca,dlt_sync_d365_intakelayer_to_bronze_prod_drtl_tfca_tfmx,2026-03-13 13:49:50.460000+00:00,2026-03-13 13:50:16.658000+00:00,26.198,prod,dlt_sync_d365_intakelayer_to_bronze_prod_drtl_tfca_tfmx,13.0,4.0,13.0,3.0
COMPLETED,workspace1,4233458148361157,USER_ACTION,d8774142-52ee-4ea1-80c6-1fb9eca692ce,[dev pvenkatachalam] onprem_to_cloud_raw_to_silver_multiplexer_pipeline,2026-03-11 21:20:53.194000+00:00,2026-03-11 21:21:44.486000+00:00,51.292,dev,onprem_to_cloud_raw_to_silver_multiplexer_pipeline,21.0,2.0,11.0,3.0
FAILED,workspace1,4233458148361157,USER_ACTION,d8774142-52ee-4ea1-80c6-1fb9eca692ce,[dev pvenkatachalam] onprem_to_cloud_raw_to_silver_multiplexer_pipeline,2026-03-12 00:01:41.504000+00:00,2026-03-12 00:03:03.082000+00:00,81.578,dev,onprem_to_cloud_raw_to_silver_multiplexer_pipeline,0.0,3.0,12.0,3.0
CANCELED,workspace2,990891399948087,SERVICE_UPGRADE,2062d8dc-90f9-472b-9c20-254d7efb7595,dlt_sync_vp_edial_tbcp_tables_bronze_to_silver,2026-03-05 18:36:04.053000+00:00,2026-03-13 00:13:46.852000+00:00,625062.799,prod,dlt_sync_vp_edial_tbcp_tables_bronze_to_silver,18.0,3.0,5.0,3.0
CANCELED,workspace2,990891399948087,SERVICE_UPGRADE,f74e9fcc-dbc7-443a-a8d7-b980583507ad,dlt_sync_vp_edial_tfnj_tables_bronze_to_silver,2026-03-02 19:30:37.978000+00:00,2026-03-05 18:35:54.579000+00:00,255916.601,prod,dlt_sync_vp_edial_tfnj_tables_bronze_to_silver,19.0,0.0,2.0,3.0
CANCELED,workspace2,990891399948087,SERVICE_UPGRADE,f74e9fcc-dbc7-443a-a8d7-b980583507ad,dlt_sync_vp_edial_tfnj_tables_bronze_to_silver,2026-03-05 18:29:21.395000+00:00,2026-03-12 23:59:48.984000+00:00,624627.589,prod,dlt_sync_vp_edial_tfnj_tables_bronze_to_silver,18.0,3.0,5.0,3.0
CANCELED,workspace2,990891399948087,SERVICE_UPGRADE,1f1f6030-0fa7-41a8-b125-2a44c44a8b09,dlt_sync_vp_edial_tftx_tables_bronze_to_silver,2026-03-02 19:30:21.832000+00:00,2026-03-05 18:35:36.303000+00:00,255914.471,prod,dlt_sync_vp_edial_tftx_tables_bronze_to_silver,19.0,0.0,2.0,3.0
CANCELED,workspace2,990891399948087,SERVICE_UPGRADE,1f1f6030-0fa7-41a8-b125-2a44c44a8b09,dlt_sync_vp_edial_tftx_tables_bronze_to_silver,2026-03-05 18:29:39.253000+00:00,2026-03-13 00:06:54.630000+00:00,625035.377,prod,dlt_sync_vp_edial_tftx_tables_bronze_to_silver,18.0,3.0,5.0,3.0
COMPLETED,workspace1,4233458148361157,JOB_TASK,ffb74207-edc3-4700-b2b4-318c69cf3668,MV-dev_d365_bronze.d365_deploy01_erp.mv_orderstatistics,2026-03-01 04:10:17.732000+00:00,2026-03-01 04:18:32.478000+00:00,494.746,prod,MV-dev_d365_bronze.d365_deploy01_erp.mv_orderstatistics,4.0,6.0,1.0,3.0
COMPLETED,workspace1,4233458148361157,JOB_TASK,ffb74207-edc3-4700-b2b4-318c69cf3668,MV-dev_d365_bronze.d365_deploy01_erp.mv_orderstatistics,2026-03-02 04:10:16.647000+00:00,2026-03-02 04:18:36.079000+00:00,499.432,prod,MV-dev_d365_bronze.d365_deploy01_erp.mv_orderstatistics,4.0,0.0,2.0,3.0
COMPLETED,workspace1,4233458148361157,JOB_TASK,ffb74207-edc3-4700-b2b4-318c69cf3668,MV-dev_d365_bronze.d365_deploy01_erp.mv_orderstatistics,2026-03-03 04:10:15.933000+00:00,2026-03-03 04:18:25.390000+00:00,489.457,prod,MV-dev_d365_bronze.d365_deploy01_erp.mv_orderstatistics,4.0,1.0,3.0,3.0
FAILED,workspace1,4233458148361157,RETRY_ON_FAILURE,ffb74207-edc3-4700-b2b4-318c69cf3668,MV-dev_d365_bronze.d365_deploy01_erp.mv_orderstatistics,2026-03-04 04:17:27.555000+00:00,2026-03-04 04:17:52.223000+00:00,24.668,prod,MV-dev_d365_bronze.d365_deploy01_erp.mv_orderstatistics,4.0,2.0,4.0,3.0
FAILED,workspace1,4233458148361157,JOB_TASK,ffb74207-edc3-4700-b2b4-318c69cf3668,MV-dev_d365_bronze.d365_deploy01_erp.mv_orderstatistics,2026-03-04 04:10:18.428000+00:00,2026-03-04 04:17:26.476000+00:00,428.048,prod,MV-dev_d365_bronze.d365_deploy01_erp.mv_orderstatistics,4.0,2.0,4.0,3.0
FAILED,workspace1,4233458148361157,RETRY_ON_FAILURE,ffb74207-edc3-4700-b2b4-318c69cf3668,MV-dev_d365_bronze.d365_deploy01_erp.mv_orderstatistics,2026-03-04 04:20:04.744000+00:00,2026-03-04 04:22:49.306000+00:00,164.562,prod,MV-dev_d365_bronze.d365_deploy01_erp.mv_orderstatistics,4.0,2.0,4.0,3.0
FAILED,workspace1,4233458148361157,RETRY_ON_FAILURE,ffb74207-edc3-4700-b2b4-318c69cf3668,MV-dev_d365_bronze.d365_deploy01_erp.mv_orderstatistics,2026-03-04 04:18:39.021000+00:00,2026-03-04 04:20:03.840000+00:00,84.819,prod,MV-dev_d365_bronze.d365_deploy01_erp.mv_orderstatistics,4.0,2.0,4.0,3.0
FAILED,workspace1,4233458148361157,RETRY_ON_FAILURE,ffb74207-edc3-4700-b2b4-318c69cf3668,MV-dev_d365_bronze.d365_deploy01_erp.mv_orderstatistics,2026-03-04 04:17:53.301000+00:00,2026-03-04 04:18:38.077000+00:00,44.776,prod,MV-dev_d365_bronze.d365_deploy01_erp.mv_orderstatistics,4.0,2.0,4.0,3.0
FAILED,workspace1,4233458148361157,RETRY_ON_FAILURE,ffb74207-edc3-4700-b2b4-318c69cf3668,MV-dev_d365_bronze.d365_deploy01_erp.mv_orderstatistics,2026-03-04 04:22:50.316000+00:00,2026-03-04 04:28:14.809000+00:00,324.493,prod,MV-dev_d365_bronze.d365_deploy01_erp.mv_orderstatistics,4.0,2.0,4.0,3.0
FAILED,workspace1,4233458148361157,RETRY_ON_FAILURE,ffb74207-edc3-4700-b2b4-318c69cf3668,MV-dev_d365_bronze.d365_deploy01_erp.mv_orderstatistics,2026-03-05 04:17:30.408000+00:00,2026-03-05 04:17:54.848000+00:00,24.44,prod,MV-dev_d365_bronze.d365_deploy01_erp.mv_orderstatistics,4.0,3.0,5.0,3.0
FAILED,workspace1,4233458148361157,JOB_TASK,ffb74207-edc3-4700-b2b4-318c69cf3668,MV-dev_d365_bronze.d365_deploy01_erp.mv_orderstatistics,2026-03-05 04:10:17.197000+00:00,2026-03-05 04:17:29.433000+00:00,432.236,prod,MV-dev_d365_bronze.d365_deploy01_erp.mv_orderstatistics,4.0,3.0,5.0,3.0
FAILED,workspace1,4233458148361157,RETRY_ON_FAILURE,ffb74207-edc3-4700-b2b4-318c69cf3668,MV-dev_d365_bronze.d365_deploy01_erp.mv_orderstatistics,2026-03-05 04:20:06.717000+00:00,2026-03-05 04:22:51.239000+00:00,164.522,prod,MV-dev_d365_bronze.d365_deploy01_erp.mv_orderstatistics,4.0,3.0,5.0,3.0
FAILED,workspace1,4233458148361157,RETRY_ON_FAILURE,ffb74207-edc3-4700-b2b4-318c69cf3668,MV-dev_d365_bronze.d365_deploy01_erp.mv_orderstatistics,2026-03-05 04:18:41.144000+00:00,2026-03-05 04:20:05.712000+00:00,84.568,prod,MV-dev_d365_bronze.d365_deploy01_erp.mv_orderstatistics,4.0,3.0,5.0,3.0
FAILED,workspace1,4233458148361157,RETRY_ON_FAILURE,ffb74207-edc3-4700-b2b4-318c69cf3668,MV-dev_d365_bronze.d365_deploy01_erp.mv_orderstatistics,2026-03-05 04:17:55.740000+00:00,2026-03-05 04:18:40.135000+00:00,44.395,prod,MV-dev_d365_bronze.d365_deploy01_erp.mv_orderstatistics,4.0,3.0,5.0,3.0
FAILED,workspace1,4233458148361157,RETRY_ON_FAILURE,ffb74207-edc3-4700-b2b4-318c69cf3668,MV-dev_d365_bronze.d365_deploy01_erp.mv_orderstatistics,2026-03-05 04:22:52.163000+00:00,2026-03-05 04:28:16.738000+00:00,324.575,prod,MV-dev_d365_bronze.d365_deploy01_erp.mv_orderstatistics,4.0,3.0,5.0,3.0
FAILED,workspace1,4233458148361157,JOB_TASK,ffb74207-edc3-4700-b2b4-318c69cf3668,MV-dev_d365_bronze.d365_deploy01_erp.mv_orderstatistics,2026-03-06 04:10:17.596000+00:00,2026-03-06 04:17:22.677000+00:00,425.081,prod,MV-dev_d365_bronze.d365_deploy01_erp.mv_orderstatistics,4.0,4.0,6.0,3.0
FAILED,workspace1,4233458148361157,RETRY_ON_FAILURE,ffb74207-edc3-4700-b2b4-318c69cf3668,MV-dev_d365_bronze.d365_deploy01_erp.mv_orderstatistics,2026-03-06 04:17:23.695000+00:00,2026-03-06 04:17:48.223000+00:00,24.528,prod,MV-dev_d365_bronze.d365_deploy01_erp.mv_orderstatistics,4.0,4.0,6.0,3.0
FAILED,workspace1,4233458148361157,RETRY_ON_FAILURE,ffb74207-edc3-4700-b2b4-318c69cf3668,MV-dev_d365_bronze.d365_deploy01_erp.mv_orderstatistics,2026-03-06 04:20:00.006000+00:00,2026-03-06 04:22:44.585000+00:00,164.579,prod,MV-dev_d365_bronze.d365_deploy01_erp.mv_orderstatistics,4.0,4.0,6.0,3.0
FAILED,workspace1,4233458148361157,RETRY_ON_FAILURE,ffb74207-edc3-4700-b2b4-318c69cf3668,MV-dev_d365_bronze.d365_deploy01_erp.mv_orderstatistics,2026-03-06 04:17:49.163000+00:00,2026-03-06 04:18:33.622000+00:00,44.459,prod,MV-dev_d365_bronze.d365_deploy01_erp.mv_orderstatistics,4.0,4.0,6.0,3.0
FAILED,workspace1,4233458148361157,RETRY_ON_FAILURE,ffb74207-edc3-4700-b2b4-318c69cf3668,MV-dev_d365_bronze.d365_deploy01_erp.mv_orderstatistics,2026-03-06 04:18:34.568000+00:00,2026-03-06 04:19:59.009000+00:00,84.441,prod,MV-dev_d365_bronze.d365_deploy01_erp.mv_orderstatistics,4.0,4.0,6.0,3.0
FAILED,workspace1,4233458148361157,RETRY_ON_FAILURE,ffb74207-edc3-4700-b2b4-318c69cf3668,MV-dev_d365_bronze.d365_deploy01_erp.mv_orderstatistics,2026-03-06 04:22:45.890000+00:00,2026-03-06 04:28:10.554000+00:00,324.664,prod,MV-dev_d365_bronze.d365_deploy01_erp.mv_orderstatistics,4.0,4.0,6.0,3.0
FAILED,workspace1,4233458148361157,RETRY_ON_FAILURE,ffb74207-edc3-4700-b2b4-318c69cf3668,MV-dev_d365_bronze.d365_deploy01_erp.mv_orderstatistics,2026-03-07 04:17:30.420000+00:00,2026-03-07 04:17:54.968000+00:00,24.548,prod,MV-dev_d365_bronze.d365_deploy01_erp.mv_orderstatistics,4.0,5.0,7.0,3.0
FAILED,workspace1,4233458148361157,JOB_TASK,ffb74207-edc3-4700-b2b4-318c69cf3668,MV-dev_d365_bronze.d365_deploy01_erp.mv_orderstatistics,2026-03-07 04:10:17.162000+00:00,2026-03-07 04:17:29.501000+00:00,432.339,prod,MV-dev_d365_bronze.d365_deploy01_erp.mv_orderstatistics,4.0,5.0,7.0,3.0
FAILED,workspace1,4233458148361157,RETRY_ON_FAILURE,ffb74207-edc3-4700-b2b4-318c69cf3668,MV-dev_d365_bronze.d365_deploy01_erp.mv_orderstatistics,2026-03-07 04:17:55.858000+00:00,2026-03-07 04:18:40.290000+00:00,44.432,prod,MV-dev_d365_bronze.d365_deploy01_erp.mv_orderstatistics,4.0,5.0,7.0,3.0
FAILED,workspace1,4233458148361157,RETRY_ON_FAILURE,ffb74207-edc3-4700-b2b4-318c69cf3668,MV-dev_d365_bronze.d365_deploy01_erp.mv_orderstatistics,2026-03-07 04:20:06.647000+00:00,2026-03-07 04:22:51.124000+00:00,164.477,prod,MV-dev_d365_bronze.d365_deploy01_erp.mv_orderstatistics,4.0,5.0,7.0,3.0
FAILED,workspace1,4233458148361157,RETRY_ON_FAILURE,ffb74207-edc3-4700-b2b4-318c69cf3668,MV-dev_d365_bronze.d365_deploy01_erp.mv_orderstatistics,2026-03-07 04:18:41.191000+00:00,2026-03-07 04:20:05.606000+00:00,84.415,prod,MV-dev_d365_bronze.d365_deploy01_erp.mv_orderstatistics,4.0,5.0,7.0,3.0
FAILED,workspace1,4233458148361157,RETRY_ON_FAILURE,ffb74207-edc3-4700-b2b4-318c69cf3668,MV-dev_d365_bronze.d365_deploy01_erp.mv_orderstatistics,2026-03-07 04:22:52.028000+00:00,2026-03-07 04:28:16.765000+00:00,324.737,prod,MV-dev_d365_bronze.d365_deploy01_erp.mv_orderstatistics,4.0,5.0,7.0,3.0
FAILED,workspace1,4233458148361157,JOB_TASK,ffb74207-edc3-4700-b2b4-318c69cf3668,MV-dev_d365_bronze.d365_deploy01_erp.mv_orderstatistics,2026-03-08 04:10:16.375000+00:00,2026-03-08 04:17:28.311000+00:00,431.936,prod,MV-dev_d365_bronze.d365_deploy01_erp.mv_orderstatistics,4.0,6.0,8.0,3.0
FAILED,workspace1,4233458148361157,RETRY_ON_FAILURE,ffb74207-edc3-4700-b2b4-318c69cf3668,MV-dev_d365_bronze.d365_deploy01_erp.mv_orderstatistics,2026-03-08 04:17:29.280000+00:00,2026-03-08 04:17:53.689000+00:00,24.409,prod,MV-dev_d365_bronze.d365_deploy01_erp.mv_orderstatistics,4.0,6.0,8.0,3.0
FAILED,workspace1,4233458148361157,RETRY_ON_FAILURE,ffb74207-edc3-4700-b2b4-318c69cf3668,MV-dev_d365_bronze.d365_deploy01_erp.mv_orderstatistics,2026-03-08 04:18:39.983000+00:00,2026-03-08 04:20:04.492000+00:00,84.509,prod,MV-dev_d365_bronze.d365_deploy01_erp.mv_orderstatistics,4.0,6.0,8.0,3.0
FAILED,workspace1,4233458148361157,RETRY_ON_FAILURE,ffb74207-edc3-4700-b2b4-318c69cf3668,MV-dev_d365_bronze.d365_deploy01_erp.mv_orderstatistics,2026-03-08 04:20:05.497000+00:00,2026-03-08 04:22:50.481000+00:00,164.984,prod,MV-dev_d365_bronze.d365_deploy01_erp.mv_orderstatistics,4.0,6.0,8.0,3.0
FAILED,workspace1,4233458148361157,RETRY_ON_FAILURE,ffb74207-edc3-4700-b2b4-318c69cf3668,MV-dev_d365_bronze.d365_deploy01_erp.mv_orderstatistics,2026-03-08 04:17:54.607000+00:00,2026-03-08 04:18:39.073000+00:00,44.466,prod,MV-dev_d365_bronze.d365_deploy01_erp.mv_orderstatistics,4.0,6.0,8.0,3.0
FAILED,workspace1,4233458148361157,RETRY_ON_FAILURE,ffb74207-edc3-4700-b2b4-318c69cf3668,MV-dev_d365_bronze.d365_deploy01_erp.mv_orderstatistics,2026-03-08 04:22:51.379000+00:00,2026-03-08 04:28:15.877000+00:00,324.498,prod,MV-dev_d365_bronze.d365_deploy01_erp.mv_orderstatistics,4.0,6.0,8.0,3.0
FAILED,workspace1,4233458148361157,JOB_TASK,ffb74207-edc3-4700-b2b4-318c69cf3668,MV-dev_d365_bronze.d365_deploy01_erp.mv_orderstatistics,2026-03-09 04:10:17.883000+00:00,2026-03-09 04:17:29.335000+00:00,431.452,prod,MV-dev_d365_bronze.d365_deploy01_erp.mv_orderstatistics,4.0,0.0,9.0,3.0
FAILED,workspace1,4233458148361157,RETRY_ON_FAILURE,ffb74207-edc3-4700-b2b4-318c69cf3668,MV-dev_d365_bronze.d365_deploy01_erp.mv_orderstatistics,2026-03-09 04:17:30.463000+00:00,2026-03-09 04:17:55.261000+00:00,24.798,prod,MV-dev_d365_bronze.d365_deploy01_erp.mv_orderstatistics,4.0,0.0,9.0,3.0
FAILED,workspace1,4233458148361157,RETRY_ON_FAILURE,ffb74207-edc3-4700-b2b4-318c69cf3668,MV-dev_d365_bronze.d365_deploy01_erp.mv_orderstatistics,2026-03-09 04:18:41.419000+00:00,2026-03-09 04:20:05.919000+00:00,84.5,prod,MV-dev_d365_bronze.d365_deploy01_erp.mv_orderstatistics,4.0,0.0,9.0,3.0
FAILED,workspace1,4233458148361157,RETRY_ON_FAILURE,ffb74207-edc3-4700-b2b4-318c69cf3668,MV-dev_d365_bronze.d365_deploy01_erp.mv_orderstatistics,2026-03-09 04:17:56.144000+00:00,2026-03-09 04:18:40.523000+00:00,44.379,prod,MV-dev_d365_bronze.d365_deploy01_erp.mv_orderstatistics,4.0,0.0,9.0,3.0
FAILED,workspace1,4233458148361157,RETRY_ON_FAILURE,ffb74207-edc3-4700-b2b4-318c69cf3668,MV-dev_d365_bronze.d365_deploy01_erp.mv_orderstatistics,2026-03-09 04:20:06.844000+00:00,2026-03-09 04:22:51.368000+00:00,164.524,prod,MV-dev_d365_bronze.d365_deploy01_erp.mv_orderstatistics,4.0,0.0,9.0,3.0
FAILED,workspace1,4233458148361157,RETRY_ON_FAILURE,ffb74207-edc3-4700-b2b4-318c69cf3668,MV-dev_d365_bronze.d365_deploy01_erp.mv_orderstatistics,2026-03-09 04:22:52.290000+00:00,2026-03-09 04:28:16.882000+00:00,324.592,prod,MV-dev_d365_bronze.d365_deploy01_erp.mv_orderstatistics,4.0,0.0,9.0,3.0
FAILED,workspace1,4233458148361157,RETRY_ON_FAILURE,ffb74207-edc3-4700-b2b4-318c69cf3668,MV-dev_d365_bronze.d365_deploy01_erp.mv_orderstatistics,2026-03-10 04:17:24.977000+00:00,2026-03-10 04:17:49.467000+00:00,24.49,prod,MV-dev_d365_bronze.d365_deploy01_erp.mv_orderstatistics,4.0,1.0,10.0,3.0
FAILED,workspace1,4233458148361157,JOB_TASK,ffb74207-edc3-4700-b2b4-318c69cf3668,MV-dev_d365_bronze.d365_deploy01_erp.mv_orderstatistics,2026-03-10 04:10:16.544000+00:00,2026-03-10 04:17:23.886000+00:00,427.342,prod,MV-dev_d365_bronze.d365_deploy01_erp.mv_orderstatistics,4.0,1.0,10.0,3.0
FAILED,workspace1,4233458148361157,RETRY_ON_FAILURE,ffb74207-edc3-4700-b2b4-318c69cf3668,MV-dev_d365_bronze.d365_deploy01_erp.mv_orderstatistics,2026-03-10 04:20:00.890000+00:00,2026-03-10 04:22:45.449000+00:00,164.559,prod,MV-dev_d365_bronze.d365_deploy01_erp.mv_orderstatistics,4.0,1.0,10.0,3.0
FAILED,workspace1,4233458148361157,RETRY_ON_FAILURE,ffb74207-edc3-4700-b2b4-318c69cf3668,MV-dev_d365_bronze.d365_deploy01_erp.mv_orderstatistics,2026-03-10 04:17:50.338000+00:00,2026-03-10 04:18:34.654000+00:00,44.316,prod,MV-dev_d365_bronze.d365_deploy01_erp.mv_orderstatistics,4.0,1.0,10.0,3.0
FAILED,workspace1,4233458148361157,RETRY_ON_FAILURE,ffb74207-edc3-4700-b2b4-318c69cf3668,MV-dev_d365_bronze.d365_deploy01_erp.mv_orderstatistics,2026-03-10 04:18:35.552000+00:00,2026-03-10 04:19:59.999000+00:00,84.447,prod,MV-dev_d365_bronze.d365_deploy01_erp.mv_orderstatistics,4.0,1.0,10.0,3.0
FAILED,workspace1,4233458148361157,RETRY_ON_FAILURE,ffb74207-edc3-4700-b2b4-318c69cf3668,MV-dev_d365_bronze.d365_deploy01_erp.mv_orderstatistics,2026-03-10 04:22:46.424000+00:00,2026-03-10 04:28:10.859000+00:00,324.435,prod,MV-dev_d365_bronze.d365_deploy01_erp.mv_orderstatistics,4.0,1.0,10.0,3.0
FAILED,workspace1,4233458148361157,RETRY_ON_FAILURE,ffb74207-edc3-4700-b2b4-318c69cf3668,MV-dev_d365_bronze.d365_deploy01_erp.mv_orderstatistics,2026-03-11 04:17:31.124000+00:00,2026-03-11 04:17:55.749000+00:00,24.625,prod,MV-dev_d365_bronze.d365_deploy01_erp.mv_orderstatistics,4.0,2.0,11.0,3.0
FAILED,workspace1,4233458148361157,JOB_TASK,ffb74207-edc3-4700-b2b4-318c69cf3668,MV-dev_d365_bronze.d365_deploy01_erp.mv_orderstatistics,2026-03-11 04:10:17.934000+00:00,2026-03-11 04:17:30.144000+00:00,432.21,prod,MV-dev_d365_bronze.d365_deploy01_erp.mv_orderstatistics,4.0,2.0,11.0,3.0
FAILED,workspace1,4233458148361157,RETRY_ON_FAILURE,ffb74207-edc3-4700-b2b4-318c69cf3668,MV-dev_d365_bronze.d365_deploy01_erp.mv_orderstatistics,2026-03-11 04:18:42.360000+00:00,2026-03-11 04:20:07.038000+00:00,84.678,prod,MV-dev_d365_bronze.d365_deploy01_erp.mv_orderstatistics,4.0,2.0,11.0,3.0
FAILED,workspace1,4233458148361157,RETRY_ON_FAILURE,ffb74207-edc3-4700-b2b4-318c69cf3668,MV-dev_d365_bronze.d365_deploy01_erp.mv_orderstatistics,2026-03-11 04:20:08.121000+00:00,2026-03-11 04:22:52.723000+00:00,164.602,prod,MV-dev_d365_bronze.d365_deploy01_erp.mv_orderstatistics,4.0,2.0,11.0,3.0
FAILED,workspace1,4233458148361157,RETRY_ON_FAILURE,ffb74207-edc3-4700-b2b4-318c69cf3668,MV-dev_d365_bronze.d365_deploy01_erp.mv_orderstatistics,2026-03-11 04:17:56.766000+00:00,2026-03-11 04:18:41.362000+00:00,44.596,prod,MV-dev_d365_bronze.d365_deploy01_erp.mv_orderstatistics,4.0,2.0,11.0,3.0
FAILED,workspace1,4233458148361157,RETRY_ON_FAILURE,ffb74207-edc3-4700-b2b4-318c69cf3668,MV-dev_d365_bronze.d365_deploy01_erp.mv_orderstatistics,2026-03-11 04:22:53.775000+00:00,2026-03-11 04:28:18.484000+00:00,324.709,prod,MV-dev_d365_bronze.d365_deploy01_erp.mv_orderstatistics,4.0,2.0,11.0,3.0
FAILED,workspace1,4233458148361157,RETRY_ON_FAILURE,ffb74207-edc3-4700-b2b4-318c69cf3668,MV-dev_d365_bronze.d365_deploy01_erp.mv_orderstatistics,2026-03-12 04:20:40.950000+00:00,2026-03-12 04:21:25.443000+00:00,44.493,prod,MV-dev_d365_bronze.d365_deploy01_erp.mv_orderstatistics,4.0,3.0,12.0,3.0
FAILED,workspace1,4233458148361157,RETRY_ON_FAILURE,ffb74207-edc3-4700-b2b4-318c69cf3668,MV-dev_d365_bronze.d365_deploy01_erp.mv_orderstatistics,2026-03-12 04:21:26.544000+00:00,2026-03-12 04:22:51.284000+00:00,84.74,prod,MV-dev_d365_bronze.d365_deploy01_erp.mv_orderstatistics,4.0,3.0,12.0,3.0
FAILED,workspace1,4233458148361157,RETRY_ON_FAILURE,ffb74207-edc3-4700-b2b4-318c69cf3668,MV-dev_d365_bronze.d365_deploy01_erp.mv_orderstatistics,2026-03-12 04:20:15.342000+00:00,2026-03-12 04:20:39.867000+00:00,24.525,prod,MV-dev_d365_bronze.d365_deploy01_erp.mv_orderstatistics,4.0,3.0,12.0,3.0
FAILED,workspace1,4233458148361157,JOB_TASK,ffb74207-edc3-4700-b2b4-318c69cf3668,MV-dev_d365_bronze.d365_deploy01_erp.mv_orderstatistics,2026-03-12 04:10:16.769000+00:00,2026-03-12 04:20:14.265000+00:00,597.496,prod,MV-dev_d365_bronze.d365_deploy01_erp.mv_orderstatistics,4.0,3.0,12.0,3.0
FAILED,workspace1,4233458148361157,RETRY_ON_FAILURE,ffb74207-edc3-4700-b2b4-318c69cf3668,MV-dev_d365_bronze.d365_deploy01_erp.mv_orderstatistics,2026-03-12 04:22:52.317000+00:00,2026-03-12 04:25:36.845000+00:00,164.528,prod,MV-dev_d365_bronze.d365_deploy01_erp.mv_orderstatistics,4.0,3.0,12.0,3.0
FAILED,workspace1,4233458148361157,RETRY_ON_FAILURE,ffb74207-edc3-4700-b2b4-318c69cf3668,MV-dev_d365_bronze.d365_deploy01_erp.mv_orderstatistics,2026-03-12 04:25:37.894000+00:00,2026-03-12 04:31:02.599000+00:00,324.705,prod,MV-dev_d365_bronze.d365_deploy01_erp.mv_orderstatistics,4.0,3.0,12.0,3.0
FAILED,workspace1,4233458148361157,RETRY_ON_FAILURE,ffb74207-edc3-4700-b2b4-318c69cf3668,MV-dev_d365_bronze.d365_deploy01_erp.mv_orderstatistics,2026-03-13 04:18:55.972000+00:00,2026-03-13 04:19:20.432000+00:00,24.46,prod,MV-dev_d365_bronze.d365_deploy01_erp.mv_orderstatistics,4.0,4.0,13.0,3.0
FAILED,workspace1,4233458148361157,JOB_TASK,ffb74207-edc3-4700-b2b4-318c69cf3668,MV-dev_d365_bronze.d365_deploy01_erp.mv_orderstatistics,2026-03-13 04:10:17.269000+00:00,2026-03-13 04:18:54.967000+00:00,517.698,prod,MV-dev_d365_bronze.d365_deploy01_erp.mv_orderstatistics,4.0,4.0,13.0,3.0
FAILED,workspace1,4233458148361157,RETRY_ON_FAILURE,ffb74207-edc3-4700-b2b4-318c69cf3668,MV-dev_d365_bronze.d365_deploy01_erp.mv_orderstatistics,2026-03-13 04:19:21.422000+00:00,2026-03-13 04:20:05.873000+00:00,44.451,prod,MV-dev_d365_bronze.d365_deploy01_erp.mv_orderstatistics,4.0,4.0,13.0,3.0
FAILED,workspace1,4233458148361157,RETRY_ON_FAILURE,ffb74207-edc3-4700-b2b4-318c69cf3668,MV-dev_d365_bronze.d365_deploy01_erp.mv_orderstatistics,2026-03-13 04:20:06.858000+00:00,2026-03-13 04:21:31.454000+00:00,84.596,prod,MV-dev_d365_bronze.d365_deploy01_erp.mv_orderstatistics,4.0,4.0,13.0,3.0
FAILED,workspace1,4233458148361157,RETRY_ON_FAILURE,ffb74207-edc3-4700-b2b4-318c69cf3668,MV-dev_d365_bronze.d365_deploy01_erp.mv_orderstatistics,2026-03-13 04:21:32.437000+00:00,2026-03-13 04:24:16.877000+00:00,164.44,prod,MV-dev_d365_bronze.d365_deploy01_erp.mv_orderstatistics,4.0,4.0,13.0,3.0
FAILED,workspace1,4233458148361157,RETRY_ON_FAILURE,ffb74207-edc3-4700-b2b4-318c69cf3668,MV-dev_d365_bronze.d365_deploy01_erp.mv_orderstatistics,2026-03-13 04:24:17.938000+00:00,2026-03-13 04:29:42.500000+00:00,324.562,prod,MV-dev_d365_bronze.d365_deploy01_erp.mv_orderstatistics,4.0,4.0,13.0,3.0
FAILED,workspace1,4233458148361157,RETRY_ON_FAILURE,ffb74207-edc3-4700-b2b4-318c69cf3668,MV-dev_d365_bronze.d365_deploy01_erp.mv_orderstatistics,2026-03-14 04:18:22.331000+00:00,2026-03-14 04:18:46.771000+00:00,24.44,prod,MV-dev_d365_bronze.d365_deploy01_erp.mv_orderstatistics,4.0,5.0,14.0,3.0
FAILED,workspace1,4233458148361157,RETRY_ON_FAILURE,ffb74207-edc3-4700-b2b4-318c69cf3668,MV-dev_d365_bronze.d365_deploy01_erp.mv_orderstatistics,2026-03-14 04:19:33.423000+00:00,2026-03-14 04:20:58.255000+00:00,84.832,prod,MV-dev_d365_bronze.d365_deploy01_erp.mv_orderstatistics,4.0,5.0,14.0,3.0
FAILED,workspace1,4233458148361157,JOB_TASK,ffb74207-edc3-4700-b2b4-318c69cf3668,MV-dev_d365_bronze.d365_deploy01_erp.mv_orderstatistics,2026-03-14 04:10:17.047000+00:00,2026-03-14 04:18:21.057000+00:00,484.01,prod,MV-dev_d365_bronze.d365_deploy01_erp.mv_orderstatistics,4.0,5.0,14.0,3.0
FAILED,workspace1,4233458148361157,RETRY_ON_FAILURE,ffb74207-edc3-4700-b2b4-318c69cf3668,MV-dev_d365_bronze.d365_deploy01_erp.mv_orderstatistics,2026-03-14 04:18:48.130000+00:00,2026-03-14 04:19:32.531000+00:00,44.401,prod,MV-dev_d365_bronze.d365_deploy01_erp.mv_orderstatistics,4.0,5.0,14.0,3.0
FAILED,workspace1,4233458148361157,RETRY_ON_FAILURE,ffb74207-edc3-4700-b2b4-318c69cf3668,MV-dev_d365_bronze.d365_deploy01_erp.mv_orderstatistics,2026-03-14 04:20:59.650000+00:00,2026-03-14 04:23:44.897000+00:00,165.247,prod,MV-dev_d365_bronze.d365_deploy01_erp.mv_orderstatistics,4.0,5.0,14.0,3.0
FAILED,workspace1,4233458148361157,RETRY_ON_FAILURE,ffb74207-edc3-4700-b2b4-318c69cf3668,MV-dev_d365_bronze.d365_deploy01_erp.mv_orderstatistics,2026-03-14 04:23:46.704000+00:00,2026-03-14 04:29:11.405000+00:00,324.701,prod,MV-dev_d365_bronze.d365_deploy01_erp.mv_orderstatistics,4.0,5.0,14.0,3.0
FAILED,workspace1,4233458148361157,RETRY_ON_FAILURE,ffb74207-edc3-4700-b2b4-318c69cf3668,MV-dev_d365_bronze.d365_deploy01_erp.mv_orderstatistics,2026-03-15 04:18:44.264000+00:00,2026-03-15 04:19:08.914000+00:00,24.65,prod,MV-dev_d365_bronze.d365_deploy01_erp.mv_orderstatistics,4.0,6.0,15.0,3.0
FAILED,workspace1,4233458148361157,JOB_TASK,ffb74207-edc3-4700-b2b4-318c69cf3668,MV-dev_d365_bronze.d365_deploy01_erp.mv_orderstatistics,2026-03-15 04:10:18.050000+00:00,2026-03-15 04:18:43.116000+00:00,505.066,prod,MV-dev_d365_bronze.d365_deploy01_erp.mv_orderstatistics,4.0,6.0,15.0,3.0
FAILED,workspace1,4233458148361157,RETRY_ON_FAILURE,ffb74207-edc3-4700-b2b4-318c69cf3668,MV-dev_d365_bronze.d365_deploy01_erp.mv_orderstatistics,2026-03-15 04:19:56.291000+00:00,2026-03-15 04:21:20.802000+00:00,84.511,prod,MV-dev_d365_bronze.d365_deploy01_erp.mv_orderstatistics,4.0,6.0,15.0,3.0
FAILED,workspace1,4233458148361157,RETRY_ON_FAILURE,ffb74207-edc3-4700-b2b4-318c69cf3668,MV-dev_d365_bronze.d365_deploy01_erp.mv_orderstatistics,2026-03-15 04:19:10.613000+00:00,2026-03-15 04:19:55.016000+00:00,44.403,prod,MV-dev_d365_bronze.d365_deploy01_erp.mv_orderstatistics,4.0,6.0,15.0,3.0
FAILED,workspace1,4233458148361157,RETRY_ON_FAILURE,ffb74207-edc3-4700-b2b4-318c69cf3668,MV-dev_d365_bronze.d365_deploy01_erp.mv_orderstatistics,2026-03-15 04:21:21.724000+00:00,2026-03-15 04:24:06.108000+00:00,164.384,prod,MV-dev_d365_bronze.d365_deploy01_erp.mv_orderstatistics,4.0,6.0,15.0,3.0
FAILED,workspace1,4233458148361157,RETRY_ON_FAILURE,ffb74207-edc3-4700-b2b4-318c69cf3668,MV-dev_d365_bronze.d365_deploy01_erp.mv_orderstatistics,2026-03-15 04:24:07.012000+00:00,2026-03-15 04:29:31.500000+00:00,324.488,prod,MV-dev_d365_bronze.d365_deploy01_erp.mv_orderstatistics,4.0,6.0,15.0,3.0
FAILED,workspace1,4233458148361157,RETRY_ON_FAILURE,ffb74207-edc3-4700-b2b4-318c69cf3668,MV-dev_d365_bronze.d365_deploy01_erp.mv_orderstatistics,2026-03-16 04:18:37.680000+00:00,2026-03-16 04:19:02.090000+00:00,24.41,prod,MV-dev_d365_bronze.d365_deploy01_erp.mv_orderstatistics,4.0,0.0,16.0,3.0
FAILED,workspace1,4233458148361157,RETRY_ON_FAILURE,ffb74207-edc3-4700-b2b4-318c69cf3668,MV-dev_d365_bronze.d365_deploy01_erp.mv_orderstatistics,2026-03-16 04:19:48.389000+00:00,2026-03-16 04:21:12.844000+00:00,84.455,prod,MV-dev_d365_bronze.d365_deploy01_erp.mv_orderstatistics,4.0,0.0,16.0,3.0
FAILED,workspace1,4233458148361157,RETRY_ON_FAILURE,ffb74207-edc3-4700-b2b4-318c69cf3668,MV-dev_d365_bronze.d365_deploy01_erp.mv_orderstatistics,2026-03-16 04:19:02.994000+00:00,2026-03-16 04:19:47.412000+00:00,44.418,prod,MV-dev_d365_bronze.d365_deploy01_erp.mv_orderstatistics,4.0,0.0,16.0,3.0
FAILED,workspace1,4233458148361157,JOB_TASK,ffb74207-edc3-4700-b2b4-318c69cf3668,MV-dev_d365_bronze.d365_deploy01_erp.mv_orderstatistics,2026-03-16 04:10:16.554000+00:00,2026-03-16 04:18:36.726000+00:00,500.172,prod,MV-dev_d365_bronze.d365_deploy01_erp.mv_orderstatistics,4.0,0.0,16.0,3.0
FAILED,workspace1,4233458148361157,RETRY_ON_FAILURE,ffb74207-edc3-4700-b2b4-318c69cf3668,MV-dev_d365_bronze.d365_deploy01_erp.mv_orderstatistics,2026-03-16 04:21:13.784000+00:00,2026-03-16 04:23:58.255000+00:00,164.471,prod,MV-dev_d365_bronze.d365_deploy01_erp.mv_orderstatistics,4.0,0.0,16.0,3.0
FAILED,workspace1,4233458148361157,RETRY_ON_FAILURE,ffb74207-edc3-4700-b2b4-318c69cf3668,MV-dev_d365_bronze.d365_deploy01_erp.mv_orderstatistics,2026-03-16 04:23:59.177000+00:00,2026-03-16 04:29:23.737000+00:00,324.56,prod,MV-dev_d365_bronze.d365_deploy01_erp.mv_orderstatistics,4.0,0.0,16.0,3.0
FAILED,workspace1,4233458148361157,JOB_TASK,ffb74207-edc3-4700-b2b4-318c69cf3668,MV-dev_d365_bronze.d365_deploy01_erp.mv_orderstatistics,2026-03-17 04:10:17.166000+00:00,2026-03-17 04:26:30.524000+00:00,973.358,prod,MV-dev_d365_bronze.d365_deploy01_erp.mv_orderstatistics,4.0,1.0,17.0,3.0
FAILED,workspace1,4233458148361157,RETRY_ON_FAILURE,ffb74207-edc3-4700-b2b4-318c69cf3668,MV-dev_d365_bronze.d365_deploy01_erp.mv_orderstatistics,2026-03-17 04:26:31.445000+00:00,2026-03-17 04:26:56.006000+00:00,24.561,prod,MV-dev_d365_bronze.d365_deploy01_erp.mv_orderstatistics,4.0,1.0,17.0,3.0
FAILED,workspace1,4233458148361157,RETRY_ON_FAILURE,ffb74207-edc3-4700-b2b4-318c69cf3668,MV-dev_d365_bronze.d365_deploy01_erp.mv_orderstatistics,2026-03-17 04:26:56.875000+00:00,2026-03-17 04:27:41.474000+00:00,44.599,prod,MV-dev_d365_bronze.d365_deploy01_erp.mv_orderstatistics,4.0,1.0,17.0,3.0
FAILED,workspace1,4233458148361157,RETRY_ON_FAILURE,ffb74207-edc3-4700-b2b4-318c69cf3668,MV-dev_d365_bronze.d365_deploy01_erp.mv_orderstatistics,2026-03-17 04:27:42.303000+00:00,2026-03-17 04:29:06.842000+00:00,84.539,prod,MV-dev_d365_bronze.d365_deploy01_erp.mv_orderstatistics,4.0,1.0,17.0,3.0
FAILED,workspace1,4233458148361157,RETRY_ON_FAILURE,ffb74207-edc3-4700-b2b4-318c69cf3668,MV-dev_d365_bronze.d365_deploy01_erp.mv_orderstatistics,2026-03-17 04:29:07.678000+00:00,2026-03-17 04:31:52.218000+00:00,164.54,prod,MV-dev_d365_bronze.d365_deploy01_erp.mv_orderstatistics,4.0,1.0,17.0,3.0
FAILED,workspace1,4233458148361157,RETRY_ON_FAILURE,ffb74207-edc3-4700-b2b4-318c69cf3668,MV-dev_d365_bronze.d365_deploy01_erp.mv_orderstatistics,2026-03-17 04:31:53.121000+00:00,2026-03-17 04:37:17.985000+00:00,324.864,prod,MV-dev_d365_bronze.d365_deploy01_erp.mv_orderstatistics,4.0,1.0,17.0,3.0
FAILED,workspace1,4233458148361157,RETRY_ON_FAILURE,ffb74207-edc3-4700-b2b4-318c69cf3668,MV-dev_d365_bronze.d365_deploy01_erp.mv_orderstatistics,2026-03-18 04:24:00.240000+00:00,2026-03-18 04:24:44.514000+00:00,44.274,prod,MV-dev_d365_bronze.d365_deploy01_erp.mv_orderstatistics,4.0,2.0,18.0,3.0
FAILED,workspace1,4233458148361157,RETRY_ON_FAILURE,ffb74207-edc3-4700-b2b4-318c69cf3668,MV-dev_d365_bronze.d365_deploy01_erp.mv_orderstatistics,2026-03-18 04:23:35.527000+00:00,2026-03-18 04:23:59.838000+00:00,24.311,prod,MV-dev_d365_bronze.d365_deploy01_erp.mv_orderstatistics,4.0,2.0,18.0,3.0
FAILED,workspace1,4233458148361157,RETRY_ON_FAILURE,ffb74207-edc3-4700-b2b4-318c69cf3668,MV-dev_d365_bronze.d365_deploy01_erp.mv_orderstatistics,2026-03-18 04:24:44.912000+00:00,2026-03-18 04:26:09.329000+00:00,84.417,prod,MV-dev_d365_bronze.d365_deploy01_erp.mv_orderstatistics,4.0,2.0,18.0,3.0
FAILED,workspace1,4233458148361157,JOB_TASK,ffb74207-edc3-4700-b2b4-318c69cf3668,MV-dev_d365_bronze.d365_deploy01_erp.mv_orderstatistics,2026-03-18 04:10:17.614000+00:00,2026-03-18 04:23:35.089000+00:00,797.475,prod,MV-dev_d365_bronze.d365_deploy01_erp.mv_orderstatistics,4.0,2.0,18.0,3.0
FAILED,workspace1,4233458148361157,RETRY_ON_FAILURE,ffb74207-edc3-4700-b2b4-318c69cf3668,MV-dev_d365_bronze.d365_deploy01_erp.mv_orderstatistics,2026-03-18 04:26:09.740000+00:00,2026-03-18 04:28:53.966000+00:00,164.226,prod,MV-dev_d365_bronze.d365_deploy01_erp.mv_orderstatistics,4.0,2.0,18.0,3.0
FAILED,workspace1,4233458148361157,RETRY_ON_FAILURE,ffb74207-edc3-4700-b2b4-318c69cf3668,MV-dev_d365_bronze.d365_deploy01_erp.mv_orderstatistics,2026-03-18 04:28:54.391000+00:00,2026-03-18 04:34:18.756000+00:00,324.365,prod,MV-dev_d365_bronze.d365_deploy01_erp.mv_orderstatistics,4.0,2.0,18.0,3.0
FAILED,workspace1,4233458148361157,RETRY_ON_FAILURE,ffb74207-edc3-4700-b2b4-318c69cf3668,MV-dev_d365_bronze.d365_deploy01_erp.mv_orderstatistics,2026-03-19 04:24:10.986000+00:00,2026-03-19 04:24:35.591000+00:00,24.605,prod,MV-dev_d365_bronze.d365_deploy01_erp.mv_orderstatistics,4.0,3.0,19.0,3.0
FAILED,workspace1,4233458148361157,RETRY_ON_FAILURE,ffb74207-edc3-4700-b2b4-318c69cf3668,MV-dev_d365_bronze.d365_deploy01_erp.mv_orderstatistics,2026-03-19 04:24:36.011000+00:00,2026-03-19 04:25:20.225000+00:00,44.214,prod,MV-dev_d365_bronze.d365_deploy01_erp.mv_orderstatistics,4.0,3.0,19.0,3.0
FAILED,workspace1,4233458148361157,RETRY_ON_FAILURE,ffb74207-edc3-4700-b2b4-318c69cf3668,MV-dev_d365_bronze.d365_deploy01_erp.mv_orderstatistics,2026-03-19 04:25:20.708000+00:00,2026-03-19 04:26:45.017000+00:00,84.309,prod,MV-dev_d365_bronze.d365_deploy01_erp.mv_orderstatistics,4.0,3.0,19.0,3.0
FAILED,workspace1,4233458148361157,JOB_TASK,ffb74207-edc3-4700-b2b4-318c69cf3668,MV-dev_d365_bronze.d365_deploy01_erp.mv_orderstatistics,2026-03-19 04:10:16.999000+00:00,2026-03-19 04:24:10.558000+00:00,833.559,prod,MV-dev_d365_bronze.d365_deploy01_erp.mv_orderstatistics,4.0,3.0,19.0,3.0
FAILED,workspace1,4233458148361157,RETRY_ON_FAILURE,ffb74207-edc3-4700-b2b4-318c69cf3668,MV-dev_d365_bronze.d365_deploy01_erp.mv_orderstatistics,2026-03-19 04:26:45.437000+00:00,2026-03-19 04:29:29.775000+00:00,164.338,prod,MV-dev_d365_bronze.d365_deploy01_erp.mv_orderstatistics,4.0,3.0,19.0,3.0
FAILED,workspace1,4233458148361157,RETRY_ON_FAILURE,ffb74207-edc3-4700-b2b4-318c69cf3668,MV-dev_d365_bronze.d365_deploy01_erp.mv_orderstatistics,2026-03-19 04:29:30.209000+00:00,2026-03-19 04:34:54.692000+00:00,324.483,prod,MV-dev_d365_bronze.d365_deploy01_erp.mv_orderstatistics,4.0,3.0,19.0,3.0
FAILED,workspace1,4233458148361157,JOB_TASK,ffb74207-edc3-4700-b2b4-318c69cf3668,MV-dev_d365_bronze.d365_deploy01_erp.mv_orderstatistics,2026-03-20 04:10:16.778000+00:00,2026-03-20 04:21:16.659000+00:00,659.881,prod,MV-dev_d365_bronze.d365_deploy01_erp.mv_orderstatistics,4.0,4.0,20.0,3.0
FAILED,workspace1,4233458148361157,RETRY_ON_FAILURE,ffb74207-edc3-4700-b2b4-318c69cf3668,MV-dev_d365_bronze.d365_deploy01_erp.mv_orderstatistics,2026-03-20 04:21:17.152000+00:00,2026-03-20 04:21:41.762000+00:00,24.61,prod,MV-dev_d365_bronze.d365_deploy01_erp.mv_orderstatistics,4.0,4.0,20.0,3.0
FAILED,workspace1,4233458148361157,RETRY_ON_FAILURE,ffb74207-edc3-4700-b2b4-318c69cf3668,MV-dev_d365_bronze.d365_deploy01_erp.mv_orderstatistics,2026-03-20 04:21:42.300000+00:00,2026-03-20 04:22:26.767000+00:00,44.467,prod,MV-dev_d365_bronze.d365_deploy01_erp.mv_orderstatistics,4.0,4.0,20.0,3.0
FAILED,workspace1,4233458148361157,RETRY_ON_FAILURE,ffb74207-edc3-4700-b2b4-318c69cf3668,MV-dev_d365_bronze.d365_deploy01_erp.mv_orderstatistics,2026-03-20 04:22:27.447000+00:00,2026-03-20 04:23:51.952000+00:00,84.505,prod,MV-dev_d365_bronze.d365_deploy01_erp.mv_orderstatistics,4.0,4.0,20.0,3.0
FAILED,workspace1,4233458148361157,RETRY_ON_FAILURE,ffb74207-edc3-4700-b2b4-318c69cf3668,MV-dev_d365_bronze.d365_deploy01_erp.mv_orderstatistics,2026-03-20 04:23:52.546000+00:00,2026-03-20 04:26:36.925000+00:00,164.379,prod,MV-dev_d365_bronze.d365_deploy01_erp.mv_orderstatistics,4.0,4.0,20.0,3.0
FAILED,workspace1,4233458148361157,RETRY_ON_FAILURE,ffb74207-edc3-4700-b2b4-318c69cf3668,MV-dev_d365_bronze.d365_deploy01_erp.mv_orderstatistics,2026-03-20 04:26:37.469000+00:00,2026-03-20 04:32:01.950000+00:00,324.481,prod,MV-dev_d365_bronze.d365_deploy01_erp.mv_orderstatistics,4.0,4.0,20.0,3.0
FAILED,workspace1,4233458148361157,JOB_TASK,ffb74207-edc3-4700-b2b4-318c69cf3668,MV-dev_d365_bronze.d365_deploy01_erp.mv_orderstatistics,2026-03-21 04:10:16.522000+00:00,2026-03-21 04:17:37.480000+00:00,440.958,prod,MV-dev_d365_bronze.d365_deploy01_erp.mv_orderstatistics,4.0,5.0,21.0,3.0
FAILED,workspace1,4233458148361157,RETRY_ON_FAILURE,ffb74207-edc3-4700-b2b4-318c69cf3668,MV-dev_d365_bronze.d365_deploy01_erp.mv_orderstatistics,2026-03-21 04:17:38.018000+00:00,2026-03-21 04:18:02.330000+00:00,24.312,prod,MV-dev_d365_bronze.d365_deploy01_erp.mv_orderstatistics,4.0,5.0,21.0,3.0
FAILED,workspace1,4233458148361157,RETRY_ON_FAILURE,ffb74207-edc3-4700-b2b4-318c69cf3668,MV-dev_d365_bronze.d365_deploy01_erp.mv_orderstatistics,2026-03-21 04:20:12.426000+00:00,2026-03-21 04:22:57.027000+00:00,164.601,prod,MV-dev_d365_bronze.d365_deploy01_erp.mv_orderstatistics,4.0,5.0,21.0,3.0
FAILED,workspace1,4233458148361157,RETRY_ON_FAILURE,ffb74207-edc3-4700-b2b4-318c69cf3668,MV-dev_d365_bronze.d365_deploy01_erp.mv_orderstatistics,2026-03-21 04:18:02.768000+00:00,2026-03-21 04:18:47.172000+00:00,44.404,prod,MV-dev_d365_bronze.d365_deploy01_erp.mv_orderstatistics,4.0,5.0,21.0,3.0
FAILED,workspace1,4233458148361157,RETRY_ON_FAILURE,ffb74207-edc3-4700-b2b4-318c69cf3668,MV-dev_d365_bronze.d365_deploy01_erp.mv_orderstatistics,2026-03-21 04:18:47.615000+00:00,2026-03-21 04:20:11.949000+00:00,84.334,prod,MV-dev_d365_bronze.d365_deploy01_erp.mv_orderstatistics,4.0,5.0,21.0,3.0
FAILED,workspace1,4233458148361157,RETRY_ON_FAILURE,ffb74207-edc3-4700-b2b4-318c69cf3668,MV-dev_d365_bronze.d365_deploy01_erp.mv_orderstatistics,2026-03-21 04:22:57.611000+00:00,2026-03-21 04:28:22.044000+00:00,324.433,prod,MV-dev_d365_bronze.d365_deploy01_erp.mv_orderstatistics,4.0,5.0,21.0,3.0
FAILED,workspace1,4233458148361157,RETRY_ON_FAILURE,ffb74207-edc3-4700-b2b4-318c69cf3668,MV-dev_d365_bronze.d365_deploy01_erp.mv_orderstatistics,2026-03-22 04:17:28.769000+00:00,2026-03-22 04:17:53.064000+00:00,24.295,prod,MV-dev_d365_bronze.d365_deploy01_erp.mv_orderstatistics,4.0,6.0,22.0,3.0
FAILED,workspace1,4233458148361157,JOB_TASK,ffb74207-edc3-4700-b2b4-318c69cf3668,MV-dev_d365_bronze.d365_deploy01_erp.mv_orderstatistics,2026-03-22 04:10:16.913000+00:00,2026-03-22 04:17:28.281000+00:00,431.368,prod,MV-dev_d365_bronze.d365_deploy01_erp.mv_orderstatistics,4.0,6.0,22.0,3.0
FAILED,workspace1,4233458148361157,RETRY_ON_FAILURE,ffb74207-edc3-4700-b2b4-318c69cf3668,MV-dev_d365_bronze.d365_deploy01_erp.mv_orderstatistics,2026-03-22 04:20:03.328000+00:00,2026-03-22 04:22:47.816000+00:00,164.488,prod,MV-dev_d365_bronze.d365_deploy01_erp.mv_orderstatistics,4.0,6.0,22.0,3.0
FAILED,workspace1,4233458148361157,RETRY_ON_FAILURE,ffb74207-edc3-4700-b2b4-318c69cf3668,MV-dev_d365_bronze.d365_deploy01_erp.mv_orderstatistics,2026-03-22 04:17:53.517000+00:00,2026-03-22 04:18:37.911000+00:00,44.394,prod,MV-dev_d365_bronze.d365_deploy01_erp.mv_orderstatistics,4.0,6.0,22.0,3.0
FAILED,workspace1,4233458148361157,RETRY_ON_FAILURE,ffb74207-edc3-4700-b2b4-318c69cf3668,MV-dev_d365_bronze.d365_deploy01_erp.mv_orderstatistics,2026-03-22 04:18:38.370000+00:00,2026-03-22 04:20:02.713000+00:00,84.343,prod,MV-dev_d365_bronze.d365_deploy01_erp.mv_orderstatistics,4.0,6.0,22.0,3.0
FAILED,workspace1,4233458148361157,RETRY_ON_FAILURE,ffb74207-edc3-4700-b2b4-318c69cf3668,MV-dev_d365_bronze.d365_deploy01_erp.mv_orderstatistics,2026-03-22 04:22:48.267000+00:00,2026-03-22 04:28:12.810000+00:00,324.543,prod,MV-dev_d365_bronze.d365_deploy01_erp.mv_orderstatistics,4.0,6.0,22.0,3.0
FAILED,workspace1,4233458148361157,RETRY_ON_FAILURE,ffb74207-edc3-4700-b2b4-318c69cf3668,MV-dev_d365_bronze.d365_deploy01_erp.mv_orderstatistics,2026-03-23 04:18:49.546000+00:00,2026-03-23 04:20:13.887000+00:00,84.341,prod,MV-dev_d365_bronze.d365_deploy01_erp.mv_orderstatistics,4.0,0.0,23.0,3.0
FAILED,workspace1,4233458148361157,JOB_TASK,ffb74207-edc3-4700-b2b4-318c69cf3668,MV-dev_d365_bronze.d365_deploy01_erp.mv_orderstatistics,2026-03-23 04:10:17.136000+00:00,2026-03-23 04:17:38.910000+00:00,441.774,prod,MV-dev_d365_bronze.d365_deploy01_erp.mv_orderstatistics,4.0,0.0,23.0,3.0
FAILED,workspace1,4233458148361157,RETRY_ON_FAILURE,ffb74207-edc3-4700-b2b4-318c69cf3668,MV-dev_d365_bronze.d365_deploy01_erp.mv_orderstatistics,2026-03-23 04:18:04.545000+00:00,2026-03-23 04:18:48.980000+00:00,44.435,prod,MV-dev_d365_bronze.d365_deploy01_erp.mv_orderstatistics,4.0,0.0,23.0,3.0
FAILED,workspace1,4233458148361157,RETRY_ON_FAILURE,ffb74207-edc3-4700-b2b4-318c69cf3668,MV-dev_d365_bronze.d365_deploy01_erp.mv_orderstatistics,2026-03-23 04:17:39.486000+00:00,2026-03-23 04:18:03.885000+00:00,24.399,prod,MV-dev_d365_bronze.d365_deploy01_erp.mv_orderstatistics,4.0,0.0,23.0,3.0
FAILED,workspace1,4233458148361157,RETRY_ON_FAILURE,ffb74207-edc3-4700-b2b4-318c69cf3668,MV-dev_d365_bronze.d365_deploy01_erp.mv_orderstatistics,2026-03-23 04:20:14.484000+00:00,2026-03-23 04:22:58.876000+00:00,164.392,prod,MV-dev_d365_bronze.d365_deploy01_erp.mv_orderstatistics,4.0,0.0,23.0,3.0
FAILED,workspace1,4233458148361157,RETRY_ON_FAILURE,ffb74207-edc3-4700-b2b4-318c69cf3668,MV-dev_d365_bronze.d365_deploy01_erp.mv_orderstatistics,2026-03-23 04:22:59.436000+00:00,2026-03-23 04:28:23.870000+00:00,324.434,prod,MV-dev_d365_bronze.d365_deploy01_erp.mv_orderstatistics,4.0,0.0,23.0,3.0
FAILED,workspace1,4233458148361157,JOB_TASK,ffb74207-edc3-4700-b2b4-318c69cf3668,MV-dev_d365_bronze.d365_deploy01_erp.mv_orderstatistics,2026-03-24 04:10:18.374000+00:00,2026-03-24 04:17:40.486000+00:00,442.112,prod,MV-dev_d365_bronze.d365_deploy01_erp.mv_orderstatistics,4.0,1.0,24.0,3.0
FAILED,workspace1,4233458148361157,RETRY_ON_FAILURE,ffb74207-edc3-4700-b2b4-318c69cf3668,MV-dev_d365_bronze.d365_deploy01_erp.mv_orderstatistics,2026-03-24 04:18:05.866000+00:00,2026-03-24 04:18:50.385000+00:00,44.519,prod,MV-dev_d365_bronze.d365_deploy01_erp.mv_orderstatistics,4.0,1.0,24.0,3.0
FAILED,workspace1,4233458148361157,RETRY_ON_FAILURE,ffb74207-edc3-4700-b2b4-318c69cf3668,MV-dev_d365_bronze.d365_deploy01_erp.mv_orderstatistics,2026-03-24 04:17:40.930000+00:00,2026-03-24 04:18:05.324000+00:00,24.394,prod,MV-dev_d365_bronze.d365_deploy01_erp.mv_orderstatistics,4.0,1.0,24.0,3.0
FAILED,workspace1,4233458148361157,RETRY_ON_FAILURE,ffb74207-edc3-4700-b2b4-318c69cf3668,MV-dev_d365_bronze.d365_deploy01_erp.mv_orderstatistics,2026-03-24 04:18:50.867000+00:00,2026-03-24 04:20:15.268000+00:00,84.401,prod,MV-dev_d365_bronze.d365_deploy01_erp.mv_orderstatistics,4.0,1.0,24.0,3.0
FAILED,workspace1,4233458148361157,RETRY_ON_FAILURE,ffb74207-edc3-4700-b2b4-318c69cf3668,MV-dev_d365_bronze.d365_deploy01_erp.mv_orderstatistics,2026-03-24 04:20:15.888000+00:00,2026-03-24 04:23:00.462000+00:00,164.574,prod,MV-dev_d365_bronze.d365_deploy01_erp.mv_orderstatistics,4.0,1.0,24.0,3.0
FAILED,workspace1,4233458148361157,RETRY_ON_FAILURE,ffb74207-edc3-4700-b2b4-318c69cf3668,MV-dev_d365_bronze.d365_deploy01_erp.mv_orderstatistics,2026-03-24 04:23:00.922000+00:00,2026-03-24 04:28:25.414000+00:00,324.492,prod,MV-dev_d365_bronze.d365_deploy01_erp.mv_orderstatistics,4.0,1.0,24.0,3.0
FAILED,workspace1,4233458148361157,JOB_TASK,ffb74207-edc3-4700-b2b4-318c69cf3668,MV-dev_d365_bronze.d365_deploy01_erp.mv_orderstatistics,2026-03-25 04:10:16.146000+00:00,2026-03-25 04:17:41.931000+00:00,445.785,prod,MV-dev_d365_bronze.d365_deploy01_erp.mv_orderstatistics,4.0,2.0,25.0,3.0
FAILED,workspace1,4233458148361157,RETRY_ON_FAILURE,ffb74207-edc3-4700-b2b4-318c69cf3668,MV-dev_d365_bronze.d365_deploy01_erp.mv_orderstatistics,2026-03-25 04:18:07.864000+00:00,2026-03-25 04:18:52.269000+00:00,44.405,prod,MV-dev_d365_bronze.d365_deploy01_erp.mv_orderstatistics,4.0,2.0,25.0,3.0
FAILED,workspace1,4233458148361157,RETRY_ON_FAILURE,ffb74207-edc3-4700-b2b4-318c69cf3668,MV-dev_d365_bronze.d365_deploy01_erp.mv_orderstatistics,2026-03-25 04:17:42.754000+00:00,2026-03-25 04:18:07.272000+00:00,24.518,prod,MV-dev_d365_bronze.d365_deploy01_erp.mv_orderstatistics,4.0,2.0,25.0,3.0
FAILED,workspace1,4233458148361157,RETRY_ON_FAILURE,ffb74207-edc3-4700-b2b4-318c69cf3668,MV-dev_d365_bronze.d365_deploy01_erp.mv_orderstatistics,2026-03-25 04:18:52.875000+00:00,2026-03-25 04:20:17.386000+00:00,84.511,prod,MV-dev_d365_bronze.d365_deploy01_erp.mv_orderstatistics,4.0,2.0,25.0,3.0
FAILED,workspace1,4233458148361157,RETRY_ON_FAILURE,ffb74207-edc3-4700-b2b4-318c69cf3668,MV-dev_d365_bronze.d365_deploy01_erp.mv_orderstatistics,2026-03-25 04:20:18.143000+00:00,2026-03-25 04:23:02.635000+00:00,164.492,prod,MV-dev_d365_bronze.d365_deploy01_erp.mv_orderstatistics,4.0,2.0,25.0,3.0
FAILED,workspace1,4233458148361157,RETRY_ON_FAILURE,ffb74207-edc3-4700-b2b4-318c69cf3668,MV-dev_d365_bronze.d365_deploy01_erp.mv_orderstatistics,2026-03-25 04:23:03.134000+00:00,2026-03-25 04:28:27.562000+00:00,324.428,prod,MV-dev_d365_bronze.d365_deploy01_erp.mv_orderstatistics,4.0,2.0,25.0,3.0
FAILED,workspace1,4233458148361157,JOB_TASK,ffb74207-edc3-4700-b2b4-318c69cf3668,MV-dev_d365_bronze.d365_deploy01_erp.mv_orderstatistics,2026-03-26 04:10:16.172000+00:00,2026-03-26 04:17:31.021000+00:00,434.849,prod,MV-dev_d365_bronze.d365_deploy01_erp.mv_orderstatistics,4.0,3.0,26.0,3.0
FAILED,workspace1,4233458148361157,RETRY_ON_FAILURE,ffb74207-edc3-4700-b2b4-318c69cf3668,MV-dev_d365_bronze.d365_deploy01_erp.mv_orderstatistics,2026-03-26 04:17:31.488000+00:00,2026-03-26 04:17:55.805000+00:00,24.317,prod,MV-dev_d365_bronze.d365_deploy01_erp.mv_orderstatistics,4.0,3.0,26.0,3.0
FAILED,workspace1,4233458148361157,RETRY_ON_FAILURE,ffb74207-edc3-4700-b2b4-318c69cf3668,MV-dev_d365_bronze.d365_deploy01_erp.mv_orderstatistics,2026-03-26 04:17:56.317000+00:00,2026-03-26 04:18:40.564000+00:00,44.247,prod,MV-dev_d365_bronze.d365_deploy01_erp.mv_orderstatistics,4.0,3.0,26.0,3.0
FAILED,workspace1,4233458148361157,RETRY_ON_FAILURE,ffb74207-edc3-4700-b2b4-318c69cf3668,MV-dev_d365_bronze.d365_deploy01_erp.mv_orderstatistics,2026-03-26 04:18:40.982000+00:00,2026-03-26 04:20:05.285000+00:00,84.303,prod,MV-dev_d365_bronze.d365_deploy01_erp.mv_orderstatistics,4.0,3.0,26.0,3.0
FAILED,workspace1,4233458148361157,RETRY_ON_FAILURE,ffb74207-edc3-4700-b2b4-318c69cf3668,MV-dev_d365_bronze.d365_deploy01_erp.mv_orderstatistics,2026-03-26 04:20:05.744000+00:00,2026-03-26 04:22:50.273000+00:00,164.529,prod,MV-dev_d365_bronze.d365_deploy01_erp.mv_orderstatistics,4.0,3.0,26.0,3.0
FAILED,workspace1,4233458148361157,RETRY_ON_FAILURE,ffb74207-edc3-4700-b2b4-318c69cf3668,MV-dev_d365_bronze.d365_deploy01_erp.mv_orderstatistics,2026-03-26 04:22:50.741000+00:00,2026-03-26 04:28:15.215000+00:00,324.474,prod,MV-dev_d365_bronze.d365_deploy01_erp.mv_orderstatistics,4.0,3.0,26.0,3.0
FAILED,workspace1,4233458148361157,JOB_TASK,ffb74207-edc3-4700-b2b4-318c69cf3668,MV-dev_d365_bronze.d365_deploy01_erp.mv_orderstatistics,2026-03-27 04:10:17.620000+00:00,2026-03-27 04:17:27.576000+00:00,429.956,prod,MV-dev_d365_bronze.d365_deploy01_erp.mv_orderstatistics,4.0,4.0,27.0,3.0
FAILED,workspace1,4233458148361157,RETRY_ON_FAILURE,ffb74207-edc3-4700-b2b4-318c69cf3668,MV-dev_d365_bronze.d365_deploy01_erp.mv_orderstatistics,2026-03-27 04:17:28.042000+00:00,2026-03-27 04:17:52.367000+00:00,24.325,prod,MV-dev_d365_bronze.d365_deploy01_erp.mv_orderstatistics,4.0,4.0,27.0,3.0
FAILED,workspace1,4233458148361157,RETRY_ON_FAILURE,ffb74207-edc3-4700-b2b4-318c69cf3668,MV-dev_d365_bronze.d365_deploy01_erp.mv_orderstatistics,2026-03-27 04:17:52.798000+00:00,2026-03-27 04:18:37.107000+00:00,44.309,prod,MV-dev_d365_bronze.d365_deploy01_erp.mv_orderstatistics,4.0,4.0,27.0,3.0
FAILED,workspace1,4233458148361157,RETRY_ON_FAILURE,ffb74207-edc3-4700-b2b4-318c69cf3668,MV-dev_d365_bronze.d365_deploy01_erp.mv_orderstatistics,2026-03-27 04:18:37.535000+00:00,2026-03-27 04:20:02.064000+00:00,84.529,prod,MV-dev_d365_bronze.d365_deploy01_erp.mv_orderstatistics,4.0,4.0,27.0,3.0
FAILED,workspace1,4233458148361157,RETRY_ON_FAILURE,ffb74207-edc3-4700-b2b4-318c69cf3668,MV-dev_d365_bronze.d365_deploy01_erp.mv_orderstatistics,2026-03-27 04:20:02.507000+00:00,2026-03-27 04:22:46.841000+00:00,164.334,prod,MV-dev_d365_bronze.d365_deploy01_erp.mv_orderstatistics,4.0,4.0,27.0,3.0
FAILED,workspace1,4233458148361157,RETRY_ON_FAILURE,ffb74207-edc3-4700-b2b4-318c69cf3668,MV-dev_d365_bronze.d365_deploy01_erp.mv_orderstatistics,2026-03-27 04:22:47.320000+00:00,2026-03-27 04:28:11.739000+00:00,324.419,prod,MV-dev_d365_bronze.d365_deploy01_erp.mv_orderstatistics,4.0,4.0,27.0,3.0
FAILED,workspace1,4233458148361157,JOB_TASK,ffb74207-edc3-4700-b2b4-318c69cf3668,MV-dev_d365_bronze.d365_deploy01_erp.mv_orderstatistics,2026-03-28 04:10:15.202000+00:00,2026-03-28 04:17:48.467000+00:00,453.265,prod,MV-dev_d365_bronze.d365_deploy01_erp.mv_orderstatistics,4.0,5.0,28.0,3.0
FAILED,workspace1,4233458148361157,RETRY_ON_FAILURE,ffb74207-edc3-4700-b2b4-318c69cf3668,MV-dev_d365_bronze.d365_deploy01_erp.mv_orderstatistics,2026-03-28 04:18:13.842000+00:00,2026-03-28 04:18:58.280000+00:00,44.438,prod,MV-dev_d365_bronze.d365_deploy01_erp.mv_orderstatistics,4.0,5.0,28.0,3.0
FAILED,workspace1,4233458148361157,RETRY_ON_FAILURE,ffb74207-edc3-4700-b2b4-318c69cf3668,MV-dev_d365_bronze.d365_deploy01_erp.mv_orderstatistics,2026-03-28 04:18:58.690000+00:00,2026-03-28 04:20:23.062000+00:00,84.372,prod,MV-dev_d365_bronze.d365_deploy01_erp.mv_orderstatistics,4.0,5.0,28.0,3.0
FAILED,workspace1,4233458148361157,RETRY_ON_FAILURE,ffb74207-edc3-4700-b2b4-318c69cf3668,MV-dev_d365_bronze.d365_deploy01_erp.mv_orderstatistics,2026-03-28 04:17:48.945000+00:00,2026-03-28 04:18:13.304000+00:00,24.359,prod,MV-dev_d365_bronze.d365_deploy01_erp.mv_orderstatistics,4.0,5.0,28.0,3.0
FAILED,workspace1,4233458148361157,RETRY_ON_FAILURE,ffb74207-edc3-4700-b2b4-318c69cf3668,MV-dev_d365_bronze.d365_deploy01_erp.mv_orderstatistics,2026-03-28 04:20:23.515000+00:00,2026-03-28 04:23:07.913000+00:00,164.398,prod,MV-dev_d365_bronze.d365_deploy01_erp.mv_orderstatistics,4.0,5.0,28.0,3.0
FAILED,workspace1,4233458148361157,RETRY_ON_FAILURE,ffb74207-edc3-4700-b2b4-318c69cf3668,MV-dev_d365_bronze.d365_deploy01_erp.mv_orderstatistics,2026-03-28 04:23:08.385000+00:00,2026-03-28 04:28:32.798000+00:00,324.413,prod,MV-dev_d365_bronze.d365_deploy01_erp.mv_orderstatistics,4.0,5.0,28.0,3.0
FAILED,workspace1,4233458148361157,JOB_TASK,ffb74207-edc3-4700-b2b4-318c69cf3668,MV-dev_d365_bronze.d365_deploy01_erp.mv_orderstatistics,2026-03-29 04:10:15.312000+00:00,2026-03-29 04:17:21.197000+00:00,425.885,prod,MV-dev_d365_bronze.d365_deploy01_erp.mv_orderstatistics,4.0,6.0,29.0,3.0
FAILED,workspace1,4233458148361157,RETRY_ON_FAILURE,ffb74207-edc3-4700-b2b4-318c69cf3668,MV-dev_d365_bronze.d365_deploy01_erp.mv_orderstatistics,2026-03-29 04:17:21.650000+00:00,2026-03-29 04:17:46.047000+00:00,24.397,prod,MV-dev_d365_bronze.d365_deploy01_erp.mv_orderstatistics,4.0,6.0,29.0,3.0
FAILED,workspace1,4233458148361157,RETRY_ON_FAILURE,ffb74207-edc3-4700-b2b4-318c69cf3668,MV-dev_d365_bronze.d365_deploy01_erp.mv_orderstatistics,2026-03-29 04:19:56.251000+00:00,2026-03-29 04:22:40.705000+00:00,164.454,prod,MV-dev_d365_bronze.d365_deploy01_erp.mv_orderstatistics,4.0,6.0,29.0,3.0
FAILED,workspace1,4233458148361157,RETRY_ON_FAILURE,ffb74207-edc3-4700-b2b4-318c69cf3668,MV-dev_d365_bronze.d365_deploy01_erp.mv_orderstatistics,2026-03-29 04:18:31.289000+00:00,2026-03-29 04:19:55.779000+00:00,84.49,prod,MV-dev_d365_bronze.d365_deploy01_erp.mv_orderstatistics,4.0,6.0,29.0,3.0
FAILED,workspace1,4233458148361157,RETRY_ON_FAILURE,ffb74207-edc3-4700-b2b4-318c69cf3668,MV-dev_d365_bronze.d365_deploy01_erp.mv_orderstatistics,2026-03-29 04:17:46.486000+00:00,2026-03-29 04:18:30.858000+00:00,44.372,prod,MV-dev_d365_bronze.d365_deploy01_erp.mv_orderstatistics,4.0,6.0,29.0,3.0
FAILED,workspace1,4233458148361157,RETRY_ON_FAILURE,ffb74207-edc3-4700-b2b4-318c69cf3668,MV-dev_d365_bronze.d365_deploy01_erp.mv_orderstatistics,2026-03-29 04:22:41.200000+00:00,2026-03-29 04:28:05.693000+00:00,324.493,prod,MV-dev_d365_bronze.d365_deploy01_erp.mv_orderstatistics,4.0,6.0,29.0,3.0
FAILED,workspace1,4233458148361157,RETRY_ON_FAILURE,ffb74207-edc3-4700-b2b4-318c69cf3668,MV-dev_d365_bronze.d365_deploy01_erp.mv_orderstatistics,2026-03-30 04:17:22.671000+00:00,2026-03-30 04:17:47.302000+00:00,24.631,prod,MV-dev_d365_bronze.d365_deploy01_erp.mv_orderstatistics,4.0,0.0,30.0,3.0
FAILED,workspace1,4233458148361157,JOB_TASK,ffb74207-edc3-4700-b2b4-318c69cf3668,MV-dev_d365_bronze.d365_deploy01_erp.mv_orderstatistics,2026-03-30 04:10:15.266000+00:00,2026-03-30 04:17:22.019000+00:00,426.753,prod,MV-dev_d365_bronze.d365_deploy01_erp.mv_orderstatistics,4.0,0.0,30.0,3.0
FAILED,workspace1,4233458148361157,RETRY_ON_FAILURE,ffb74207-edc3-4700-b2b4-318c69cf3668,MV-dev_d365_bronze.d365_deploy01_erp.mv_orderstatistics,2026-03-30 04:18:33.134000+00:00,2026-03-30 04:19:57.464000+00:00,84.33,prod,MV-dev_d365_bronze.d365_deploy01_erp.mv_orderstatistics,4.0,0.0,30.0,3.0
FAILED,workspace1,4233458148361157,RETRY_ON_FAILURE,ffb74207-edc3-4700-b2b4-318c69cf3668,MV-dev_d365_bronze.d365_deploy01_erp.mv_orderstatistics,2026-03-30 04:17:48.068000+00:00,2026-03-30 04:18:32.617000+00:00,44.549,prod,MV-dev_d365_bronze.d365_deploy01_erp.mv_orderstatistics,4.0,0.0,30.0,3.0
FAILED,workspace1,4233458148361157,RETRY_ON_FAILURE,ffb74207-edc3-4700-b2b4-318c69cf3668,MV-dev_d365_bronze.d365_deploy01_erp.mv_orderstatistics,2026-03-30 04:19:58.166000+00:00,2026-03-30 04:22:42.650000+00:00,164.484,prod,MV-dev_d365_bronze.d365_deploy01_erp.mv_orderstatistics,4.0,0.0,30.0,3.0
FAILED,workspace1,4233458148361157,RETRY_ON_FAILURE,ffb74207-edc3-4700-b2b4-318c69cf3668,MV-dev_d365_bronze.d365_deploy01_erp.mv_orderstatistics,2026-03-30 04:22:43.259000+00:00,2026-03-30 04:28:07.797000+00:00,324.538,prod,MV-dev_d365_bronze.d365_deploy01_erp.mv_orderstatistics,4.0,0.0,30.0,3.0
FAILED,workspace1,4233458148361157,RETRY_ON_FAILURE,ffb74207-edc3-4700-b2b4-318c69cf3668,MV-dev_d365_bronze.d365_deploy01_erp.mv_orderstatistics,2026-03-31 04:17:28.295000+00:00,2026-03-31 04:17:52.763000+00:00,24.468,prod,MV-dev_d365_bronze.d365_deploy01_erp.mv_orderstatistics,4.0,1.0,31.0,3.0
FAILED,workspace1,4233458148361157,JOB_TASK,ffb74207-edc3-4700-b2b4-318c69cf3668,MV-dev_d365_bronze.d365_deploy01_erp.mv_orderstatistics,2026-03-31 04:10:15.120000+00:00,2026-03-31 04:17:27.682000+00:00,432.562,prod,MV-dev_d365_bronze.d365_deploy01_erp.mv_orderstatistics,4.0,1.0,31.0,3.0
FAILED,workspace1,4233458148361157,RETRY_ON_FAILURE,ffb74207-edc3-4700-b2b4-318c69cf3668,MV-dev_d365_bronze.d365_deploy01_erp.mv_orderstatistics,2026-03-31 04:20:03.356000+00:00,2026-03-31 04:22:47.993000+00:00,164.637,prod,MV-dev_d365_bronze.d365_deploy01_erp.mv_orderstatistics,4.0,1.0,31.0,3.0
FAILED,workspace1,4233458148361157,RETRY_ON_FAILURE,ffb74207-edc3-4700-b2b4-318c69cf3668,MV-dev_d365_bronze.d365_deploy01_erp.mv_orderstatistics,2026-03-31 04:17:53.305000+00:00,2026-03-31 04:18:37.674000+00:00,44.369,prod,MV-dev_d365_bronze.d365_deploy01_erp.mv_orderstatistics,4.0,1.0,31.0,3.0
FAILED,workspace1,4233458148361157,RETRY_ON_FAILURE,ffb74207-edc3-4700-b2b4-318c69cf3668,MV-dev_d365_bronze.d365_deploy01_erp.mv_orderstatistics,2026-03-31 04:18:38.214000+00:00,2026-03-31 04:20:02.645000+00:00,84.431,prod,MV-dev_d365_bronze.d365_deploy01_erp.mv_orderstatistics,4.0,1.0,31.0,3.0
FAILED,workspace1,4233458148361157,RETRY_ON_FAILURE,ffb74207-edc3-4700-b2b4-318c69cf3668,MV-dev_d365_bronze.d365_deploy01_erp.mv_orderstatistics,2026-03-31 04:22:48.636000+00:00,2026-03-31 04:28:13.207000+00:00,324.571,prod,MV-dev_d365_bronze.d365_deploy01_erp.mv_orderstatistics,4.0,1.0,31.0,3.0
CANCELED,workspace2,990891399948087,API_CALL,e6601e5a-1e9b-4d38-8db9-bd73551a2ff8,dlt_sync_d365_intakelayer_to_bronze_prod,2026-03-04 01:00:28.013000+00:00,2026-03-04 01:00:53.312000+00:00,25.299,prod,dlt_sync_d365_intakelayer_to_bronze_prod,1.0,2.0,4.0,3.0
CANCELED,workspace2,990891399948087,USER_ACTION,e6601e5a-1e9b-4d38-8db9-bd73551a2ff8,dlt_sync_d365_intakelayer_to_bronze_prod,2026-03-04 00:59:03.134000+00:00,2026-03-04 00:59:21.370000+00:00,18.236,prod,dlt_sync_d365_intakelayer_to_bronze_prod,0.0,2.0,4.0,3.0
CANCELED,workspace2,990891399948087,USER_ACTION,e6601e5a-1e9b-4d38-8db9-bd73551a2ff8,dlt_sync_d365_intakelayer_to_bronze_prod,2026-03-04 01:01:20.733000+00:00,2026-03-04 01:50:49.414000+00:00,2968.681,prod,dlt_sync_d365_intakelayer_to_bronze_prod,1.0,2.0,4.0,3.0
FAILED,workspace1,4233458148361157,USER_ACTION,e3295c9c-ff0d-4713-92b5-5fa8249bd894,[dev ven_vshushetty] dlt_sync_d365_intakelayer_to_bronze_prod,2026-03-05 00:27:59.043000+00:00,2026-03-05 00:35:30.178000+00:00,451.135,dev,dlt_sync_d365_intakelayer_to_bronze_prod,0.0,3.0,5.0,3.0
CANCELED,workspace2,990891399948087,SETTINGS_CHANGE,e6601e5a-1e9b-4d38-8db9-bd73551a2ff8,dlt_sync_d365_intakelayer_to_bronze_prod,2026-03-13 00:38:36.178000+00:00,2026-03-13 00:39:48.144000+00:00,71.966,prod,dlt_sync_d365_intakelayer_to_bronze_prod,0.0,4.0,13.0,3.0
CANCELED,workspace2,990891399948087,SERVICE_UPGRADE,e6601e5a-1e9b-4d38-8db9-bd73551a2ff8,dlt_sync_d365_intakelayer_to_bronze_prod,2026-03-13 00:07:29.796000+00:00,2026-03-13 00:38:46.431000+00:00,1876.635,prod,dlt_sync_d365_intakelayer_to_bronze_prod,0.0,4.0,13.0,3.0
COMPLETED,workspace2,990891399948087,SCHEMA_CHANGE,e6601e5a-1e9b-4d38-8db9-bd73551a2ff8,dlt_sync_d365_intakelayer_to_bronze_prod,2026-03-13 01:16:14.642000+00:00,2026-03-13 01:18:10.834000+00:00,116.192,prod,dlt_sync_d365_intakelayer_to_bronze_prod,1.0,4.0,13.0,3.0
FAILED,workspace2,990891399948087,SERVICE_UPGRADE,0e6a86df-0c3c-42a2-bf01-427bb328fef6,dlt_sync_vp_edial_tfnw_tables_bronze_to_silver,2026-03-02 19:39:08.132000+00:00,2026-03-02 19:45:05.461000+00:00,357.329,prod,dlt_sync_vp_edial_tfnw_tables_bronze_to_silver,19.0,0.0,2.0,3.0
FAILED,workspace2,990891399948087,RETRY_ON_FAILURE,0e6a86df-0c3c-42a2-bf01-427bb328fef6,dlt_sync_vp_edial_tfnw_tables_bronze_to_silver,2026-03-02 19:45:05.247000+00:00,2026-03-02 19:52:21.357000+00:00,436.11,prod,dlt_sync_vp_edial_tfnw_tables_bronze_to_silver,19.0,0.0,2.0,3.0
CANCELED,workspace2,990891399948087,RETRY_ON_FAILURE,0e6a86df-0c3c-42a2-bf01-427bb328fef6,dlt_sync_vp_edial_tfnw_tables_bronze_to_silver,2026-03-02 19:52:21.148000+00:00,2026-03-02 19:53:19.033000+00:00,57.885,prod,dlt_sync_vp_edial_tfnw_tables_bronze_to_silver,19.0,0.0,2.0,3.0
CANCELED,workspace2,990891399948087,SERVICE_UPGRADE,0e6a86df-0c3c-42a2-bf01-427bb328fef6,dlt_sync_vp_edial_tfnw_tables_bronze_to_silver,2026-03-05 18:18:35.691000+00:00,2026-03-12 23:52:53.868000+00:00,624858.177,prod,dlt_sync_vp_edial_tfnw_tables_bronze_to_silver,18.0,3.0,5.0,3.0
COMPLETED,workspace1,4233458148361157,USER_ACTION,90957d0a-c27d-49e4-8123-b2e4068df666,[dev pvenkatachalam] onprem_to_cloud_raw_evh_loader_pipeline_dev,2026-03-11 20:28:43.836000+00:00,2026-03-11 20:29:39.144000+00:00,55.308,dev,onprem_to_cloud_raw_evh_loader_pipeline_dev,20.0,2.0,11.0,3.0
COMPLETED,workspace1,4233458148361157,USER_ACTION,c42ca2a2-60a3-4c65-987d-ac0c7f9a62d7,[dev pvenkatachalam] raw_evh_loader_pipeline_dev,2026-03-06 23:01:17.049000+00:00,2026-03-06 23:01:46.723000+00:00,29.674,dev,raw_evh_loader_pipeline_dev,23.0,4.0,6.0,3.0
FAILED,workspace1,4233458148361157,USER_ACTION,c42ca2a2-60a3-4c65-987d-ac0c7f9a62d7,[dev pvenkatachalam] raw_evh_loader_pipeline_dev,2026-03-06 23:05:29.773000+00:00,2026-03-06 23:08:46.350000+00:00,196.577,dev,raw_evh_loader_pipeline_dev,23.0,4.0,6.0,3.0
COMPLETED,workspace1,4233458148361157,USER_ACTION,c42ca2a2-60a3-4c65-987d-ac0c7f9a62d7,[dev pvenkatachalam] raw_evh_loader_pipeline_dev,2026-03-06 23:13:00.808000+00:00,2026-03-06 23:13:11.533000+00:00,10.725,dev,raw_evh_loader_pipeline_dev,23.0,4.0,6.0,3.0
FAILED,workspace1,4233458148361157,USER_ACTION,c42ca2a2-60a3-4c65-987d-ac0c7f9a62d7,[dev pvenkatachalam] raw_evh_loader_pipeline_dev,2026-03-06 23:22:13.210000+00:00,2026-03-06 23:22:42.509000+00:00,29.299,dev,raw_evh_loader_pipeline_dev,23.0,4.0,6.0,3.0
COMPLETED,workspace1,4233458148361157,USER_ACTION,c42ca2a2-60a3-4c65-987d-ac0c7f9a62d7,[dev pvenkatachalam] raw_evh_loader_pipeline_dev,2026-03-06 23:26:35.302000+00:00,2026-03-06 23:26:42.721000+00:00,7.419,dev,raw_evh_loader_pipeline_dev,23.0,4.0,6.0,3.0
FAILED,workspace1,4233458148361157,USER_ACTION,c42ca2a2-60a3-4c65-987d-ac0c7f9a62d7,[dev pvenkatachalam] raw_evh_loader_pipeline_dev,2026-03-06 23:23:53.224000+00:00,2026-03-06 23:23:57.729000+00:00,4.505,dev,raw_evh_loader_pipeline_dev,23.0,4.0,6.0,3.0
COMPLETED,workspace1,4233458148361157,USER_ACTION,c42ca2a2-60a3-4c65-987d-ac0c7f9a62d7,[dev pvenkatachalam] raw_evh_loader_pipeline_dev,2026-03-06 23:25:22.699000+00:00,2026-03-06 23:25:36.294000+00:00,13.595,dev,raw_evh_loader_pipeline_dev,23.0,4.0,6.0,3.0
COMPLETED,workspace1,4233458148361157,USER_ACTION,c42ca2a2-60a3-4c65-987d-ac0c7f9a62d7,[dev pvenkatachalam] raw_evh_loader_pipeline_dev,2026-03-06 23:41:25.748000+00:00,2026-03-06 23:42:03.064000+00:00,37.316,dev,raw_evh_loader_pipeline_dev,23.0,4.0,6.0,3.0
COMPLETED,workspace1,4233458148361157,USER_ACTION,c42ca2a2-60a3-4c65-987d-ac0c7f9a62d7,[dev pvenkatachalam] raw_evh_loader_pipeline_dev,2026-03-07 00:13:53.752000+00:00,2026-03-07 00:14:36.145000+00:00,42.393,dev,raw_evh_loader_pipeline_dev,0.0,5.0,7.0,3.0
CANCELED,workspace1,4233458148361157,API_CALL,c42ca2a2-60a3-4c65-987d-ac0c7f9a62d7,[dev pvenkatachalam] raw_evh_loader_pipeline_dev,2026-03-07 00:19:45.855000+00:00,2026-03-07 00:20:32.137000+00:00,46.282,dev,raw_evh_loader_pipeline_dev,0.0,5.0,7.0,3.0
FAILED,workspace1,4233458148361157,JOB_TASK,c42ca2a2-60a3-4c65-987d-ac0c7f9a62d7,[dev pvenkatachalam] raw_evh_loader_pipeline_dev,2026-03-10 16:39:55.183000+00:00,2026-03-10 16:40:45.410000+00:00,50.227,dev,raw_evh_loader_pipeline_dev,16.0,1.0,10.0,3.0
FAILED,workspace1,4233458148361157,JOB_TASK,c42ca2a2-60a3-4c65-987d-ac0c7f9a62d7,[dev pvenkatachalam] raw_evh_loader_pipeline_dev,2026-03-11 19:55:40.480000+00:00,2026-03-11 19:56:39.410000+00:00,58.93,dev,raw_evh_loader_pipeline_dev,19.0,2.0,11.0,3.0
COMPLETED,workspace1,4233458148361157,USER_ACTION,c42ca2a2-60a3-4c65-987d-ac0c7f9a62d7,[dev pvenkatachalam] raw_evh_loader_pipeline_dev,2026-03-11 19:57:35.225000+00:00,2026-03-11 19:58:03.999000+00:00,28.774,dev,raw_evh_loader_pipeline_dev,19.0,2.0,11.0,3.0
COMPLETED,workspace1,4233458148361157,USER_ACTION,c42ca2a2-60a3-4c65-987d-ac0c7f9a62d7,[dev pvenkatachalam] raw_evh_loader_pipeline_dev,2026-03-11 19:59:14.179000+00:00,2026-03-11 19:59:40.007000+00:00,25.828,dev,raw_evh_loader_pipeline_dev,19.0,2.0,11.0,3.0
CANCELED,workspace2,990891399948087,SERVICE_UPGRADE,42e170ae-4711-4824-85ed-1037cedddb81,dlt_sync_vp_edial_tfpi_tables_bronze_to_silver,2026-03-05 18:37:28.459000+00:00,2026-03-13 00:12:34.323000+00:00,624905.864,prod,dlt_sync_vp_edial_tfpi_tables_bronze_to_silver,18.0,3.0,5.0,3.0
FAILED,workspace1,4233458148361157,RETRY_ON_FAILURE,ffb74207-edc3-4700-b2b4-318c69cf3668,MV-dev_d365_bronze.d365_deploy01_erp.mv_orderstatistics,2026-04-01 04:18:44.022000+00:00,2026-04-01 04:20:08.726000+00:00,84.704,prod,MV-dev_d365_bronze.d365_deploy01_erp.mv_orderstatistics,4.0,2.0,1.0,4.0
FAILED,workspace1,4233458148361157,RETRY_ON_FAILURE,ffb74207-edc3-4700-b2b4-318c69cf3668,MV-dev_d365_bronze.d365_deploy01_erp.mv_orderstatistics,2026-04-01 04:17:58.858000+00:00,2026-04-01 04:18:43.341000+00:00,44.483,prod,MV-dev_d365_bronze.d365_deploy01_erp.mv_orderstatistics,4.0,2.0,1.0,4.0
FAILED,workspace1,4233458148361157,RETRY_ON_FAILURE,ffb74207-edc3-4700-b2b4-318c69cf3668,MV-dev_d365_bronze.d365_deploy01_erp.mv_orderstatistics,2026-04-01 04:20:09.709000+00:00,2026-04-01 04:22:54.354000+00:00,164.645,prod,MV-dev_d365_bronze.d365_deploy01_erp.mv_orderstatistics,4.0,2.0,1.0,4.0
FAILED,workspace1,4233458148361157,RETRY_ON_FAILURE,ffb74207-edc3-4700-b2b4-318c69cf3668,MV-dev_d365_bronze.d365_deploy01_erp.mv_orderstatistics,2026-04-01 04:17:33.489000+00:00,2026-04-01 04:17:57.902000+00:00,24.413,prod,MV-dev_d365_bronze.d365_deploy01_erp.mv_orderstatistics,4.0,2.0,1.0,4.0
COMPLETED,workspace1,4233458148361157,USER_ACTION,0454bd2a-ab4e-495a-9eca-deb437cf1524,[dev ven_vghattamaneni] onprem_to_cloud_raw_to_silver_multiplexer_pipeline,2026-03-31 22:07:51.839000+00:00,2026-03-31 22:08:57.806000+00:00,65.967,dev,onprem_to_cloud_raw_to_silver_multiplexer_pipeline,22.0,1.0,31.0,3.0
FAILED,workspace1,4233458148361157,JOB_TASK,ffb74207-edc3-4700-b2b4-318c69cf3668,MV-dev_d365_bronze.d365_deploy01_erp.mv_orderstatistics,2026-04-01 04:10:15.133000+00:00,2026-04-01 04:17:32.686000+00:00,437.553,prod,MV-dev_d365_bronze.d365_deploy01_erp.mv_orderstatistics,4.0,2.0,1.0,4.0
COMPLETED,workspace1,4233458148361157,USER_ACTION,eeb73bd3-8194-46be-8ac7-f3f2cd576db1,[dev ven_vghattamaneni] onprem_to_cloud_raw_evh_loader_pipeline,2026-03-31 22:06:37.426000+00:00,2026-03-31 22:07:28.039000+00:00,50.613,dev,onprem_to_cloud_raw_evh_loader_pipeline,22.0,1.0,31.0,3.0
COMPLETED,workspace1,4233458148361157,USER_ACTION,0454bd2a-ab4e-495a-9eca-deb437cf1524,[dev ven_vghattamaneni] onprem_to_cloud_raw_to_silver_multiplexer_pipeline,2026-03-31 21:36:31.067000+00:00,2026-03-31 21:37:43.480000+00:00,72.413,dev,onprem_to_cloud_raw_to_silver_multiplexer_pipeline,21.0,1.0,31.0,3.0
FAILED,workspace1,4233458148361157,RETRY_ON_FAILURE,ffb74207-edc3-4700-b2b4-318c69cf3668,MV-dev_d365_bronze.d365_deploy01_erp.mv_orderstatistics,2026-04-01 04:22:55.234000+00:00,2026-04-01 04:28:19.872000+00:00,324.638,prod,MV-dev_d365_bronze.d365_deploy01_erp.mv_orderstatistics,4.0,2.0,1.0,4.0
COMPLETED,workspace1,4233458148361157,USER_ACTION,eeb73bd3-8194-46be-8ac7-f3f2cd576db1,[dev ven_vghattamaneni] onprem_to_cloud_raw_evh_loader_pipeline,2026-03-31 19:20:50.779000+00:00,2026-03-31 19:21:44.287000+00:00,53.508,dev,onprem_to_cloud_raw_evh_loader_pipeline,19.0,1.0,31.0,3.0
FAILED,workspace1,4233458148361157,USER_ACTION,0454bd2a-ab4e-495a-9eca-deb437cf1524,[dev ven_vghattamaneni] onprem_to_cloud_raw_to_silver_multiplexer_pipeline,2026-03-31 21:09:56.542000+00:00,2026-03-31 21:10:38.443000+00:00,41.901,dev,onprem_to_cloud_raw_to_silver_multiplexer_pipeline,21.0,1.0,31.0,3.0
FAILED,workspace1,4233458148361157,USER_ACTION,0454bd2a-ab4e-495a-9eca-deb437cf1524,[dev ven_vghattamaneni] onprem_to_cloud_raw_to_silver_multiplexer_pipeline,2026-03-31 20:12:28.189000+00:00,2026-03-31 20:13:09.151000+00:00,40.962,dev,onprem_to_cloud_raw_to_silver_multiplexer_pipeline,20.0,1.0,31.0,3.0
